REF_PERSONNE;RAISON_SOCIALE;MATRICULE_FISCALE;LIB_SECTEUR_ACTIVITE;LIB_ACTIVITE;VILLE;LIB_GOUVERNORAT;VILLE_GOUVERNORAT
12122;Societe_000001;0000001W;SERVICES PERSONNELS;ACTIVITêS THERMALES ET DE THALASSOTHêRAPIE;NULL;NULL; - 
12145;Societe_000002;0000002H;TRAVAIL DU BOIS ET FABRICATION D ARTICLES EN BOIS;FABRICATION D EMBALLAGES EN BOIS;NULL;NULL; - 
12169;societe_000003;0000003M;INTERMêDIATION FINANCI‘RE;CRêDIT BAIL;NULL;NULL; - 
12431;Societe_000004;0000004J;CONSTRUCTION;INSTALLATION D EAU ET DE GAZ;SFAX;NULL;SFAX - 
12711;Societe_000005;0000005F;TRAVAIL DU BOIS ET FABRICATION D ARTICLES EN BOIS;FABRICATION D EMBALLAGES EN BOIS;SFAX ;NULL;SFAX  - 
13028;Societe_000006;0000006A;INDUSTRIES ALIMENTAIRES;BISCOTTERIE, BISCUITERIE, P∂TISSERIE DE CONSERVATION;NULL;NULL; - 
13587;Societe_000007;0000007B;SERVICES PERSONNELS;BLANCHISSERIE TEINTURERIE DE DêTAIL;TUNIS BELVEDERE;NULL;TUNIS BELVEDERE - 
13718;Societe_000008;0000008L;AUTRES INDUSTRIES EXTRACTIVES;EXTRACTION DE CALCAIRE INDUSTRIEL, DE GYPSE ET DE CRAIE;Bardo (Le);NULL;Bardo (Le) - 
1183;Societe_000009;0000009V;AUCUN;NON DEFINI;;NULL; - 
6431;Societe_000010;0000010P;INTERMêDIATION FINANCI‘RE;BANQUES;NULL;NULL; - 
6958;Societe_000011;0000011Z;COMMERCE ET RêPARATION AUTOMOBILE;COMMERCE DE GROS D êQUIPEMENTS AUTOMOBILES;TUNIS BELVEDERE;NULL;TUNIS BELVEDERE - 
12068;Societe_000012;0000012R;SERVICES PERSONNELS;AUTRES SERVICES PERSONNELS;NULL;NULL; - 
16091;Societe_000013;0000013X;SANTê ET ACTION SOCIALE;PRATIQUE MêDICALE;NULL;NULL; - 
16167;Societe_000014;0000014D;H‚TELS ET RESTAURANTS;RESTAURATION DE TYPE RAPIDE; ;NULL;  - 
16575;Societe_000015;0000015R;AGRICULTURE, CHASSE, SERVICES ANNEXES;"CULTURE DE CêRêALES ; CULTURES INDUSTRIELLES";ras jebel ;NULL;ras jebel  - 
17177;Societe_000016;0000016K;INDUSTRIE CHIMIQUE;FABRICATION D AUTRES PRODUITS PHARMACEUTIQUES;Cite El Ghazala;NULL;Cite El Ghazala - 
18312;Societe_000017;0000017J;CONSTRUCTION;CONSTRUCTION DE B∂TIMENTS DIVERS;;NULL; - 
20296;Societe_000018;0000018Q;COMMERCE DE DêTAIL ET RêPARATION D ARTICLES DOMESTIQUES;AUTRES COMMERCES DE DêTAIL EN MAGASIN NON SPêCIALISê;NULL;NULL; - 
20452;Societe_000019;0000019Q;INDUSTRIE CHIMIQUE;FABRICATION D AUTRES PRODUITS CHIMIQUES INORGANIQUES DE BASE;SFAX ;NULL;SFAX  - 
21247;Societe_000020;0000020U;INDUSTRIES ALIMENTAIRES;FABRICATION D ALIMENTS ADAPTêS ∑ L ENFANT ET DIêTêTIQUES; ;NULL;  - 
21619;Societe_000021;0000021P;TRANSPORTS TERRESTRES;TRANSPORT DE VOYAGEURS PAR TAXIS;NULL;NULL; - 
24975;Societe_000022;0000022F;INDUSTRIES ALIMENTAIRES;AUTRES ACTIVITêS DE TRAVAIL DES GRAINS;KALAA EL KEBIRA;NULL;KALAA EL KEBIRA - 
26235;Societe_000023;0000023U;INDUSTRIES ALIMENTAIRES;FABRICATION DE LAIT LIQUIDE ET DE PRODUITS FRAIS;Tunis RP;NULL;Tunis RP - 
26461;Societe_000024;0000024T;INDUSTRIE DE L HABILLEMENT ET DES FOURRURES;FABRICATION D AUTRES V“TEMENTS ET ACCESSOIRES;NULL;NULL; - 
26572;Societe_000025;0000025R;AGRICULTURE, CHASSE, SERVICES ANNEXES;"CULTURE DE CêRêALES ; CULTURES INDUSTRIELLES";ZAGHOUAN;NULL;ZAGHOUAN - 
26680;Societe_000026;0000026X;INDUSTRIES ALIMENTAIRES;AUTRES ACTIVITêS DE TRAVAIL DES GRAINS; ;NULL;  - 
27240;Societe_000027;0000027Q;AGRICULTURE, CHASSE, SERVICES ANNEXES;"HORTICULTURE ; PêPINI‘RES";NULL;NULL; - 
27295;Societe_000028;0000028J;AGRICULTURE, CHASSE, SERVICES ANNEXES;êLEVAGE D OVINS, CAPRINS ET êQUIDêS;NULL;NULL; - 
27871;Societe_000029;0000029R;RECHERCHE ET DêVELOPPEMENT;RECHERCHE DêVELOPPEMENT EN SCIENCES HUMAINES ET SOCIALES;NULL;NULL; - 
28080;Societe_000030;0000030J;INDUSTRIE TEXTILE;ENNOBLISSEMENT TEXTILE;NULL;NULL; - 
28088;Societe_000031;0000031Q;AGRICULTURE, CHASSE, SERVICES ANNEXES;CHASSE;NULL;NULL; - 
29893;Societe_000032;0000032O;CONSTRUCTION;CONSTRUCTION DE MAISONS INDIVIDUELLES;NULL;NULL; - 
30029;Societe_000033;0000033M;FABRICATION D AUTRES PRODUITS MINêRAUX NON MêTALLIQUES;FABRICATION D APPAREILS SANITAIRES EN CêRAMIQUE; MONTPLAISR;NULL; MONTPLAISR - 
30702;Societe_000034;0000034H;COMMERCE DE GROS ET INTERMêDIAIRES DU COMMERCE;AUTRES COMMERCES DE GROS;NULL;NULL; - 
41528;Societe_000035;0000035Z;COMMERCE DE GROS ET INTERMêDIAIRES DU COMMERCE;AUTRES COMMERCES DE GROS; ;NULL;  - 
42419;Societe_000036;0000036Z;COMMERCE DE GROS ET INTERMêDIAIRES DU COMMERCE;AUTRES COMMERCES DE GROS DE BIENS DE CONSOMMATION;NULL;NULL; - 
42635;Societe_000037;0000037M;COMMERCE DE DêTAIL ET RêPARATION D ARTICLES DOMESTIQUES;AUTRES COMMERCES DE DêTAIL EN MAGASIN NON SPêCIALISê;NULL;NULL; - 
42948;Societe_000038;0000038B;ACTIVITêS RêCRêATIVES, CULTURELLES ET SPORTIVES;AUTRES SPECTACLES;NULL;NULL; - 
43249;Societe_000039;0000039K;AGRICULTURE, CHASSE, SERVICES ANNEXES;"CULTURE DE CêRêALES ; CULTURES INDUSTRIELLES";NULL;NULL; - 
44180;Societe_000040;0000040G;SYLVICULTURE, EXPLOITATION FORESTI‘RE, SERVICES ANNEXES;EXPLOITATION FORESTI‘RE; ARIANA;NULL; ARIANA - 
44350;Societe_000041;0000041Y;CONSTRUCTION;TRAVAUX DE FINITION N.C.A.;NULL;NULL; - 
44849;Societe_000042;0000042C;COMMERCE DE GROS ET INTERMêDIAIRES DU COMMERCE;AUTRES COMMERCES DE GROS DE BIENS DE CONSOMMATION;NULL;NULL; - 
45648;Societe_000043;0000043A;INTERMêDIATION FINANCI‘RE;BANQUES;SIDI BOULBABA GABES;NULL;SIDI BOULBABA GABES - 
46513;Societe_000044;0000044O;COMMERCE DE GROS ET INTERMêDIAIRES DU COMMERCE;COMMERCE DE GROS DE MATêRIEL êLECTRIQUE ET êLECTRONIQUE;NULL;NULL; - 
47143;Societe_000045;0000045M;INDUSTRIES ALIMENTAIRES;PRODUCTION D AUTRES BOISSONS FERMENTêES;NULL;NULL; - 
47607;Societe_000046;0000046Q;ASSURANCE;ASSURANCE VIE ET CAPITALISATION;NULL;NULL; - 
33533;Societe_000047;0000047A;EXTRACTION DE HOUILLE, DE LIGNITE ET DE TOURBES;EXTRACTION ET AGGLOMêRATION DE LA HOUILLE; ;NULL;  - 
33850;Societe_000048;0000048K;INDUSTRIE DU PAPIER ET DU CARTON;FABRICATION D ARTICLES DE PAPETERIE; ;NULL;  - 
34123;Societe_000049;0000049S;P“CHE, AQUACULTURE;P“CHE;NULL;NULL; - 
35568;Societe_000050;0000050B;ADMINISTRATION PUBLIQUE;DêFENSE; TUNIS;NULL; TUNIS - 
35719;Societe_000051;0000051M;INDUSTRIE TEXTILE;FABRICATION DE LINGE DE MAISON ET D ARTICLES D AMEUBLEMENT;Kalaa Seghira;NULL;Kalaa Seghira - 
55601;Societe_000052;0000052S;AGENCES ET BUREAUX;AGENCES ET BUREAUX;TUNIS RP;NULL;TUNIS RP - 
61328;Societe_000053;0000053R;ACTIVITES IARD TARIFIABLES;QUINCAILLERIES (COMMERCE);;NULL; - 
62329;Societe_000054;0000054V;COMMERCE DE GROS ET INTERMêDIAIRES DU COMMERCE;INTERMêDIAIRE DU COMMERCE EN BOIS ET MATêRIAUX DE CONSTRUCTION;NULL;NULL; - 
62472;Societe_000055;0000055U;ACTIVITêS RêCRêATIVES, CULTURELLES ET SPORTIVES;AUTRES ACTIVITêS SPORTIVES;NULL;NULL; - 
62563;Societe_000056;0000056G;INDUSTRIES ALIMENTAIRES;INDUSTRIES ALIMENTAIRES N.C.A.;EL MENZAH 8;NULL;EL MENZAH 8 - 
62768;Societe_000057;0000057P;INDUSTRIE TEXTILE;INDUSTRIES TEXTILES N.C.A.;NULL;NULL; - 
63269;Societe_000058;0000058B;EXTRACTION DE HOUILLE, DE LIGNITE ET DE TOURBES;EXTRACTION ET AGGLOMêRATION DE LA HOUILLE;NULL;NULL; - 
64933;Societe_000059;0000059P;POSTES ET TêLêCOMMUNICATIONS;TêLêCOMMUNICATIONS NATIONALES;NULL;NULL; - 
65682;Societe_000060;0000060E;CONSTRUCTION;TRAVAUX D INSTALLATION êLECTRIQUE;NULL;NULL; - 
67864;Societe_000061;0000061F;COMMERCE DE GROS ET INTERMêDIAIRES DU COMMERCE;AUTRES INTERMêDIAIRES SPêCIALISêS DU COMMERCE;NULL;NULL; - 
67868;Societe_000062;0000062Y;COMMERCE DE GROS ET INTERMêDIAIRES DU COMMERCE;AUTRES INTERMêDIAIRES SPêCIALISêS DU COMMERCE;NULL;NULL; - 
67871;Societe_000063;0000063R;COMMERCE DE GROS ET INTERMêDIAIRES DU COMMERCE;INTERMêDIAIRES NON SPêCIALISêS DU COMMERCE;NULL;NULL; - 
67873;Societe_000064;0000064F;COMMERCE DE GROS ET INTERMêDIAIRES DU COMMERCE;INTERMêDIAIRES NON SPêCIALISêS DU COMMERCE;NULL;NULL; - 
67877;Societe_000065;0000065W;ACTIVITES IARD TARIFIABLES;ELECTRICITE (COMMERCE D ARTICLES D ECLAIRAGE);NULL;NULL; - 
66774;Societe_000066;0000066J;ACTIVITêS RêCRêATIVES, CULTURELLES ET SPORTIVES;AUTRES ACTIVITêS RêCRêATIVES;;NULL; - 
67458;Societe_000067;0000067P;SERVICES FOURNIS PRINCIPALEMENT AUX ENTREPRISES;ADMINISTRATION D ENTREPRISES;NULL;NULL; - 
67554;Societe_000068;0000068T;ACTIVITêS INFORMATIQUES;RêALISATION DE LOGICIELS;NULL;NULL; - 
69412;Societe_000069;0000069G;ACTIVITES IARD TARIFIABLES;HYGIENE (ETABLISSEMENT DE BAIN DOUCHE HAMMAM SAUNA);NULL;NULL; - 
70303;Societe_000070;0000070U;ACTIVITES IARD TARIFIABLES;IMPRIMERIE, TYPOGRAPHIES ET OFFSET;NULL;NULL; - 
71590;Societe_000071;0000071B;TRAVAIL DES MêTAUX;MêCANIQUE GêNêRALE;EL OUARDIA;NULL;EL OUARDIA - 
71860;Societe_000072;0000072S;CONSTRUCTION;TRAVAUX DE MAÄONNERIE GêNêRALE;NULL;NULL; - 
72502;Societe_000073;0000073A;INDUSTRIE TEXTILE;FABRICATION D AUTRES ARTICLES CONFECTIONNêS EN TEXTILE;NULL;NULL; - 
73417;Societe_000074;0000074C;ACTIVITES IARD TARIFIABLES;AGENCE ( DE VOYAGE,ASSURANCE,IMMOBILIERE);NULL;NULL; - 
73517;Societe_000075;0000075O;FABRICATION D AUTRES MATêRIELS DE TRANSPORT;CONSTRUCTION DE MOTEURS POUR AêRONEFS;NULL;NULL; - 
73775;Societe_000076;0000076W;INTERMêDIATION FINANCI‘RE;BANQUE CENTRALE;NULL;NULL; - 
73776;Societe_000077;0000077Q;INTERMêDIATION FINANCI‘RE;BANQUE CENTRALE; ;NULL;  - 
73777;Societe_000078;0000078D;INTERMêDIATION FINANCI‘RE;BANQUES;BORJ LOUZIR ARIANA;NULL;BORJ LOUZIR ARIANA - 
73781;Societe_000079;0000079D;INTERMêDIATION FINANCI‘RE;BANQUES;BEN AROUS;NULL;BEN AROUS - 
73782;Societe_000080;0000080K;INTERMêDIATION FINANCI‘RE;BANQUES;NULL;NULL; - 
74370;Societe_000081;0000081P;ACTIVITES IARD TARIFIABLES;ECOLES, COLLEGES, CENTRE DE FORMATION;NULL;NULL; - 
73779;Societe_000082;0000082J;INTERMêDIATION FINANCI‘RE;BANQUES;EL AAGBA;NULL;EL AAGBA - 
77413;Societe_000083;0000083L;ACTIVITêS RêCRêATIVES, CULTURELLES ET SPORTIVES;AUTRES ACTIVITêS SPORTIVES;NULL;NULL; - 
77635;Societe_000084;0000084J;H‚TELS ET RESTAURANTS;H‚TELS AVEC RESTAURANT;NULL;NULL; - 
88848;Societe_000085;0000085Y;ACTIVITES IARD TARIFIABLES;SALLE DE SPECTACLE OU DE FETE;NULL;NULL; - 
90353;Societe_000086;0000086M;AGENCES ET BUREAUX;AGENCES ET BUREAUX; ;NULL;  - 
90425;Societe_000087;0000087M;H‚TELS ET RESTAURANTS;CAFêS TABACS;NULL;NULL; - 
91783;Societe_000088;0000088Y;ACTIVITES IARD TARIFIABLES;BOULANGERIE AVEC FOURS AU FUEL (SANS FABRICATION DE BISCUITS ET DE GATEAUX SECS);NULL;NULL; - 
97423;Societe_000089;0000089W;AGENCES ET BUREAUX;AGENCES ET BUREAUX;NULL;NULL; - 
98018;Societe_000090;0000090G;INDUSTRIE ;NULL;NULL;NULL; - 
98358;Societe_000091;0000091F;ACTIVITES IARD TARIFIABLES;ELECTRICIENS (REPARATION ET VENTE DE FOURNITURES POUR INSTALLATIONS ELECTRIQUE A L EXEPTION DU MATERIEL TRAITE SOUS LA RUBRIQUE -RADIO TV- );NULL;NULL; - 
95224;Societe_000092;0000092W;AUCUN;NON DEFINI;NULL;NULL; - 
96048;Societe_000093;0000093R;COMMERCE DE GROS ET INTERMêDIAIRES DU COMMERCE;COMMERCE DE GROS DE FOURNITURES ET êQUIPEMENTS INDUSTRIELS DIVERS;NULL;NULL; - 
99601;Societe_000094;0000094B;êDUCATION;AUTRES ENSEIGNEMENTS;NULL;NULL; - 
100367;Societe_000095;0000095Y;COMMERCE DE GROS ET INTERMêDIAIRES DU COMMERCE;AGRICULTEURS;NULL;NULL; - 
100843;Societe_000096;0000096E;AUTRES INDUSTRIES EXTRACTIVES;EXTRACTION DE PIERRES POUR LA CONSTRUCTION;NULL;NULL; - 
103147;Societe_000097;0000097U;SERVICES AUXILIAIRES DES TRANSPORTS;SERVICES PORTUAIRES, MARITIMES ET FLUVIAUX;;NULL; - 
105430;Societe_000098;0000098O;ACTIVITêS IMMOBILI‘RES;PROMOTION IMMOBILI‘RE DE LOGEMENTS;HAMMAM SOUSSE;NULL;HAMMAM SOUSSE - 
107750;Societe_000099;0000099D;COMMERCE DE GROS ET INTERMêDIAIRES DU COMMERCE;AUTRES INTERMêDIAIRES SPêCIALISêS DU COMMERCE;;NULL; - 
112009;Societe_000100;0000100T;SERVICES PERSONNELS;AUTRES SERVICES PERSONNELS;NULL;NULL; - 
112185;Societe_000101;0000101K;TRANSPORTS TERRESTRES;TRANSPORT DE VOYAGEURS PAR TAXIS;NULL;NULL; - 
113532;Societe_000102;0000102N;COMMERCE ET RêPARATION AUTOMOBILE;ENTRETIEN ET RêPARATION DE VêHICULES AUTOMOBILES;TUNIS;NULL;TUNIS - 
113726;Societe_000103;0000103D;TRAVAIL DES MêTAUX;FABRICATION D ARTICLES MêTALLIQUES MêNAGERS;NULL;NULL; - 
114152;Societe_000104;0000104V;"FABRICATION DE MEUBLES; INDUSTRIES DIVERSES";AUTRES ACTIVITêS MANUFACTURI‘RES N.C.A.;NULL;NULL; - 
134974;Societe_000105;0000105L;ACTIVITêS INFORMATIQUES;AUTRES ACTIVITêS RATTACHêES ∑ L INFORMATIQUE;NULL;NULL; - 
136371;Societe_000106;0000106H;TRANSPORTS TERRESTRES;TRANSPORTS ROUTIERS DE MARCHANDISES INTERURBAINS;NULL;NULL; - 
249284;Societe_000107;0000107Y;INDUSTRIE DU CAOUTCHOUC ET DES PLASTIQUES;TECHNICIEN ;NULL;NULL; - 
250404;Societe_000108;0000108J;AUXILIAIRES FINANCIERS ET D ASSURANCE;AUTRES AUXILIAIRES FINANCIERS;NULL;NULL; - 
250773;Societe_000109;0000109J;              ;SERVICE INFORMATIQUE ;NULL;NULL; - 
252443;Societe_000110;0000110Y;INDUSTRIE TEXTILE;FABRICATION D AUTRES ARTICLES CONFECTIONNêS EN TEXTILE;FERIANA;NULL;FERIANA - 
137357;Societe_000111;0000111P;INDUSTRIES ALIMENTAIRES;BOULANGERIE AVEC FOUR ELECTRIQUE;MENZEL BOURGUIBA ;NULL;MENZEL BOURGUIBA  - 
287911;Societe_000112;0000112P;SERVICES FOURNIS PRINCIPALEMENT AUX ENTREPRISES;SERVICES ANNEXES ∑ LA PRODUCTION;NULL;NULL; - 
305243;Societe_000113;0000113Q;AUXILIAIRES FINANCIERS ET D ASSURANCE;6701;NULL;NULL; - 
308691;Societe_000114;0000114V;INTERMêDIATION FINANCI‘RE;INTERMêDIATIONS FINANCI‘RES DIVERSES;  MUTUELLE VILLE;NULL;  MUTUELLE VILLE - 
309977;Societe_000115;0000115J;CONSTRUCTION;CONSTRUCTION DE B∂TIMENTS DIVERS;NULL;NULL; - 
310301;Societe_000116;0000116J;INTERMêDIATION FINANCI‘RE;BANQUES;NULL;NULL; - 
311460;Societe_000117;0000117I;AUCUN;NON DEFINI;NULL;NULL; - 
292444;Societe_000118;0000118B;INDUSTRIE TEXTILE;FABRICATION D AUTRES ARTICLES CONFECTIONNêS EN TEXTILE;NULL;NULL; - 
293233;Societe_000119;0000119M;TRANSPORTS TERRESTRES;TRANSPORTS ROUTIERS DE MARCHANDISES DE PROXIMITê;NULL;NULL; - 
312619;Societe_000120;0000120Y;H‚TELS ET RESTAURANTS;hotel;NULL;NULL; - 
315625;Societe_000121;0000121M;FABRICATION D êQUIPEMENTS DE RADIO, TêLêVISION ET COMMUNICATION;FABRICATION DE COMPOSANTS PASSIFS ET DE CONDENSATEURS;NULL;NULL; - 
315932;Societe_000122;0000122N;ACTIVITES IARD TARIFIABLES;ABBATOIRS ET DEPENDANCES(AVEC CHAMBRE FRIGORIFIQUE D UNE CAPACITE < 120 M3);NULL;NULL; - 
319347;Societe_000123;0000123G;COMMERCE DE GROS ET INTERMêDIAIRES DU COMMERCE;AUTRES COMMERCES DE GROS; SFAX;NULL; SFAX - 
319737;Societe_000124;0000124I;COMMERCE DE GROS ET INTERMêDIAIRES DU COMMERCE;AUTRES COMMERCES DE GROS;NULL;NULL; - 
313464;Societe_000125;0000125B;SERVICES FOURNIS PRINCIPALEMENT AUX ENTREPRISES;AGENCES, CONSEIL EN PUBLICITê;NULL;NULL; - 
314304;Societe_000126;0000126D;INDUSTRIE TEXTILE;TEXTILES;NULL;NULL; - 
324634;Societe_000127;0000127C;ACTIVITêS INFORMATIQUES;AUTRES ACTIVITêS RATTACHêES ∑ L INFORMATIQUE;NULL;NULL; - 
327314;Societe_000128;0000128K;CONSTRUCTION;CONSTRUCTION DE B∂TIMENTS DIVERS;NULL;NULL; - 
331189;Societe_000129;0000129F;TRANSPORTS TERRESTRES;TRANSPORTS ROUTIERS DE MARCHANDISES DE PROXIMITê;NULL;NULL; - 
334306;Societe_000130;0000130J;AUCUN;NON DEFINI;;NULL; - 
336230;Societe_000131;0000131Y;ASSURANCE;ASSURANCE RELEVANT DU CODE DE LA MUTUALITê;NULL;NULL; - 
342388;Societe_000132;0000132O;H‚TELS ET RESTAURANTS;HOTEL;NULL;NULL; - 
346235;Societe_000133;0000133E;ACTIVITêS RêCRêATIVES, CULTURELLES ET SPORTIVES;AUTRES ACTIVITêS SPORTIVES;NULL;NULL; - 
359070;Societe_000134;0000134K;SANTê ET ACTION SOCIALE;ACTIVITêS HOSPITALI‘RES;NULL;NULL; - 
359119;Societe_000135;0000135X;INDUSTRIE DU CAOUTCHOUC ET DES PLASTIQUES;FABRICATION D ARTICLES DIVERS EN MATI‘RES PLASTIQUES;NULL;NULL; - 
360823;Societe_000136;0000136T;AGRICULTURE, CHASSE, SERVICES ANNEXES;"CULTURE DE LêGUMES ; MARA◊CHAGE";NULL;NULL; - 
363539;Societe_000137;0000137T;INDUSTRIE TEXTILE;TEXTILES;NULL;NULL; - 
365213;Societe_000138;0000138Y;ACTIVITES IARD TARIFIABLES;VERRERIE, VAISSELLES (MAGASIN DE VENTE);NULL;NULL; - 
369768;Societe_000139;0000139D;INDUSTRIES ALIMENTAIRES;FABRICATION DE LAIT LIQUIDE ET DE PRODUITS FRAIS; TUNIS;NULL; TUNIS - 
371979;Societe_000140;0000140D;SANTê ET ACTION SOCIALE;PRATIQUE MêDICALE;;NULL; - 
372431;Societe_000141;0000141J;COMMERCE DE GROS ET INTERMêDIAIRES DU COMMERCE;COMMERCE DE GROS DE TEXTILES;NULL;NULL; - 
372950;Societe_000142;0000142Z;ACTIVITES IARD TARIFIABLES;PHARMACIENS (VENTE EN DETAIL);Tunis;NULL;Tunis - 
372953;Societe_000143;0000143Y;              ;clinique;;NULL; - 
372961;Societe_000144;0000144F;êDUCATION;ENSEIGNEMENT PRIMAIRE;NULL;NULL; - 
373499;Societe_000145;0000145O;              ;clinique;;NULL; - 
373502;Societe_000146;0000146C;ACTIVITES IARD TARIFIABLES;PHARMACIENS (VENTE EN DETAIL);Ben arous;NULL;Ben arous - 
373506;Societe_000147;0000147S;              ;clinique;El Menzah VI;NULL;El Menzah VI - 
373521;Societe_000148;0000148A;ACTIVITêS ASSOCIATIVES;ORGANISATIONS ASSOCIATIVES N.C.A.;NULL;NULL; - 
373708;Societe_000149;0000149Z;ACTIVITES IARD TARIFIABLES;PHARMACIENS (VENTE EN DETAIL);Gabes;NULL;Gabes - 
376702;Societe_000150;0000150F;êDUCATION;AUTRES ENSEIGNEMENTS;NULL;NULL; - 
395189;Societe_000151;0000151R;AUCUN;NULL;NULL;NULL; - 
397426;Societe_000152;0000152G;SERVICES FOURNIS PRINCIPALEMENT AUX ENTREPRISES;ADMINISTRATION D ENTREPRISES;NULL;NULL; - 
397429;Societe_000153;0000153Y;AUCUN;NON DEFINI;NULL;NULL; - 
399229;Societe_000154;0000154F;ACTIVITêS RêCRêATIVES, CULTURELLES ET SPORTIVES;AUTRES ACTIVITêS SPORTIVES;NULL;NULL; - 
402930;Societe_000155;0000155Y;ACTIVITêS IMMOBILI‘RES;ADMINISTRATION D AUTRES BIENS IMMOBILIERS;ELJEM;NULL;ELJEM - 
403038;Societe_000156;0000156P;AGENCES ET BUREAUX;AGENCES ET BUREAUX;;NULL; - 
399855;Societe_000157;0000157A;COMMERCE DE GROS ET INTERMêDIAIRES DU COMMERCE;AUTRES COMMERCES DE GROS;NULL;NULL; - 
400873;Societe_000158;0000158N;COMMERCE DE GROS ET INTERMêDIAIRES DU COMMERCE;AUTRES COMMERCES DE GROS;NULL;NULL; - 
410135;Societe_000159;0000159M;COMMERCE DE GROS ET INTERMêDIAIRES DU COMMERCE;COMMERCE DE GROS DE PARFUMERIE ET PRODUITS DE BEAUTê;GABES;NULL;GABES - 
412116;Societe_000160;0000160J;AUCUN;NON DEFINI;SFAX ;NULL;SFAX  - 
412125;Societe_000161;0000161H;ACTIVITêS INFORMATIQUES;CONSEIL EN SYST‘MES INFORMATIQUES;NULL;NULL; - 
413622;Societe_000162;0000162X;COMMERCE DE GROS ET INTERMêDIAIRES DU COMMERCE;COMMERCE DE GROS D HABILLEMENT;NULL;NULL; - 
417327;Societe_000163;0000163N;êDITION, IMPRIMERIE, REPRODUCTION;AUTRES ACTIVITêS GRAPHIQUES;NULL;NULL; - 
418286;Societe_000164;0000164E;AUCUN;NON DEFINI;NULL;NULL; - 
422236;Societe_000165;0000165L;ACTIVITêS RêCRêATIVES, CULTURELLES ET SPORTIVES;AUTRES ACTIVITêS SPORTIVES;NULL;NULL; - 
422540;Societe_000166;0000166Y;ACTIVITES IARD TARIFIABLES;ELECTRICITE (COMMERCE D ARTICLES D ECLAIRAGE);NULL;NULL; - 
423216;Societe_000167;0000167J;              ;MEDECIN;NULL;NULL; - 
423806;Societe_000168;0000168B;INTERMêDIATION FINANCI‘RE;BANQUES;NULL;NULL; - 
424654;Societe_000169;0000169W;FABRICATION DE MACHINES ET êQUIPEMENTS;FABRICATION DE MOTEURS ET TURBINES;Oued Ellil;NULL;Oued Ellil - 
425464;Societe_000170;0000170C;AUCUN;NON DEFINI;MONASTIR;NULL;MONASTIR - 
430675;Societe_000171;0000171Q;ACTIVITêS INFORMATIQUES;AUTRES ACTIVITêS RATTACHêES ∑ L INFORMATIQUE;NULL;NULL; - 
430841;Societe_000172;0000172R;TRAVAIL DES MêTAUX;MêCANIQUE GêNêRALE;NULL;NULL; - 
431271;Societe_000173;0000173C;SERVICES FOURNIS PRINCIPALEMENT AUX ENTREPRISES;ACTIVITêS COMPTABLES;NULL;NULL; - 
432159;Societe_000174;0000174B;INDUSTRIE DES PRODUITS ARTISANALES;ARTICLES ARTISANALES ,ANTIQUITE ET SOUVENIR; BIZERTE;NULL; BIZERTE - 
432601;Societe_000175;0000175H;FABRICATION DE MACHINES ET êQUIPEMENTS;FABRICATION D AUTRES MACHINES OUTILS;NULL;NULL; - 
432670;Societe_000176;0000176C;AGRICULTURE, CHASSE, SERVICES ANNEXES;CHAMBRES FRIGORIFIQUES;NULL;NULL; - 
434826;Societe_000177;0000177A;H‚TELS ET RESTAURANTS;CAFêS TABACS;NULL;NULL; - 
435898;Societe_000178;0000178D;COMMERCE DE DêTAIL ET RêPARATION D ARTICLES DOMESTIQUES;COMMERCE DE DêTAIL DE QUINCAILLERIE;;NULL; - 
438009;Societe_000179;0000179N;AUCUN;NON DEFINI; ;NULL;  - 
438164;Societe_000180;0000180U;ACTIVITES IARD TARIFIABLES;ELECTRICIENS (REPARATION ET VENTE DE FOURNITURES POUR INSTALLATIONS ELECTRIQUE A L EXEPTION DU MATERIEL TRAITE SOUS LA RUBRIQUE -RADIO TV- );Oued Ellil;NULL;Oued Ellil - 
438202;Societe_000181;0000181B;H‚TELS ET RESTAURANTS;RESTAURATION DE TYPE RAPIDE;NULL;NULL; - 
438784;Societe_000182;0000182U;ADMINISTRATION PUBLIQUE;ACTIVITêS GêNêRALES DE SêCURITê SOCIALE;La Mannouba;NULL;La Mannouba - 
440618;Societe_000183;0000183E;ACTIVITES IARD TARIFIABLES;ELECTRICITE (COMMERCE D ARTICLES D ECLAIRAGE);NULL;NULL; - 
441401;Societe_000184;0000184W;ACTIVITES IARD TARIFIABLES;BATIMENTS : ENTREPRENEURS DE MACONNERIE ET DE CONSTRUCTION;NULL;NULL; - 
443009;Societe_000185;0000185T;SERVICES AUXILIAIRES DES TRANSPORTS;AGENCES DE VOYAGE;NULL;NULL; - 
443285;Societe_000186;0000186E;COMMERCE DE DêTAIL ET RêPARATION D ARTICLES DOMESTIQUES;VENTE PAR CORRESPONDANCE SUR CATALOGUE GêNêRAL;NULL;NULL; - 
445801;Societe_000187;0000187A;AUCUN;NON DEFINI;NULL;NULL; - 
446403;Societe_000188;0000188H;ACTIVITES IARD TARIFIABLES;ALIMENTATION GENERALE (COMMERCE);NULL;NULL; - 
447334;Societe_000189;0000189S;SANTê ET ACTION SOCIALE;AUTRES FORMES D ACTION SOCIALE;NULL;NULL; - 
447730;Societe_000190;0000190M;              ;INSTITUT DE FORMATION;NULL;NULL; - 
447876;Societe_000191;0000191H;ACTIVITES IARD TARIFIABLES;LINGE DE MAISON (MAGASIN DE VENTE);NULL;NULL; - 
475733;Societe_000192;0000192P;P“CHE, AQUACULTURE;P“CHE;;NULL; - 
476282;Societe_000193;0000193Q;TRAVAIL DU BOIS ET FABRICATION D ARTICLES EN BOIS;FABRICATION D OBJETS DIVERS EN BOIS;NULL;NULL; - 
481122;Societe_000194;0000194W;êDITION, IMPRIMERIE, REPRODUCTION;AUTRES ACTIVITêS GRAPHIQUES;NULL;NULL; - 
481781;Societe_000195;0000195P;H‚TELS ET RESTAURANTS;RESTAURATION DE TYPE TRADITIONNEL;NULL;NULL; - 
482578;Societe_000196;0000196N;SANTê ET ACTION SOCIALE;ACTIVITêS HOSPITALI‘RES;NULL;NULL; - 
488026;Societe_000197;0000197O;SERVICES AUXILIAIRES DES TRANSPORTS;MANUTENTION PORTUAIRE;NULL;NULL; - 
492119;Societe_000198;0000198J;ACTIVITES IARD TARIFIABLES;MATIERES PLASTIQUES  (COMMERCE D ARTICLES EN);NULL;NULL; - 
502576;Societe_000199;0000199W;CONSTRUCTION;TERRASSEMENTS DIVERS, DêMOLITION;NULL;NULL; - 
515402;Societe_000200;0000200D;CONSTRUCTION;PEINTURE;NULL;NULL; - 
516299;Societe_000201;0000201R;ACTIVITêS INFORMATIQUES;AUTRES ACTIVITêS RATTACHêES ∑ L INFORMATIQUE;NULL;NULL; - 
517367;Societe_000202;0000202K;PRODUCTION ET DISTRIBUTION D êLECTRICITê, DE GAZ ET DE CHALEUR;PRODUCTION ET DISTRIBUTION D êLECTRICITê;NULL;NULL; - 
523073;Societe_000203;0000203I;INDUSTRIE TEXTILE;ENNOBLISSEMENT TEXTILE;NULL;NULL; - 
527164;Societe_000204;0000204Y;ACTIVITêS ASSOCIATIVES;ORGANISATIONS ASSOCIATIVES N.C.A.;NULL;NULL; - 
530477;Societe_000205;0000205V;AGRICULTURE, CHASSE, SERVICES ANNEXES;SERVICES ANNEXES ∑ L êLEVAGE;NULL;NULL; - 
531793;Societe_000206;0000206M;CONSTRUCTION;AUTRES TRAVAUX SPêCIALISêS DE CONSTRUCTION;NULL;NULL; - 
539178;Societe_000207;0000207O;ADMINISTRATION PUBLIQUE;ADMINISTRATION PUBLIQUE GêNêRALE;NULL;NULL; - 
550504;Societe_000208;0000208T;CONSTRUCTION;CONSTRUCTION DE B∂TIMENTS DIVERS;NULL;NULL; - 
550528;Societe_000209;0000209S;ACTIVITêS IMMOBILI‘RES;PROMOTION IMMOBILI‘RE DE LOGEMENTS;NULL;NULL; - 
550533;Societe_000210;0000210E;ACTIVITêS IMMOBILI‘RES;PROMOTION IMMOBILI‘RE DE LOGEMENTS;NULL;NULL; - 
550682;Societe_000211;0000211E;CONSTRUCTION;TRAVAUX DE MAÄONNERIE GêNêRALE;NULL;NULL; - 
550733;Societe_000212;0000212J;AGRICULTURE, CHASSE, SERVICES ANNEXES;êLEVAGE D AUTRES ANIMAUX;NULL;NULL; - 
550742;Societe_000213;0000213J;COMMERCE DE GROS ET INTERMêDIAIRES DU COMMERCE;AGRICULTEURS;NULL;NULL; - 
550886;Societe_000214;0000214K;ACTIVITE SPORTIVE;NULL;NULL;NULL; - 
550990;Societe_000215;0000215U;H‚TELS ET RESTAURANTS;H‚TELS AVEC RESTAURANT;NULL;NULL; - 
551002;Societe_000216;0000216E;INDUSTRIE DU PAPIER ET DU CARTON;FABRICATION DE P∂TE ∑ PAPIER;NULL;NULL; - 
551088;Societe_000217;0000217A;H‚TELS ET RESTAURANTS;RESTAURATION DE TYPE TRADITIONNEL;NULL;NULL; - 
547754;Societe_000218;0000218I;SANTê ET ACTION SOCIALE;CR‘CHES ET GARDERIES D ENFANTS;NULL;NULL; - 
551268;Societe_000219;0000219N;TRANSPORTS TERRESTRES;TRANSPORTS ROUTIERS DE MARCHANDISES INTERURBAINS;NULL;NULL; - 
551396;Societe_000220;0000220C;INDUSTRIES ALIMENTAIRES;PRODUCTION DE VIANDES DE BOUCHERIE;NULL;NULL; - 
551415;Societe_000221;0000221V;COMMERCE ET RêPARATION AUTOMOBILE;COMMERCE DE GROS D êQUIPEMENTS AUTOMOBILES;NULL;NULL; - 
551448;Societe_000222;0000222L;COMMERCE ET RêPARATION AUTOMOBILE;COMMERCE DE DêTAIL D êQUIPEMENTS AUTOMOBILES;NULL;NULL; - 
553109;Societe_000223;0000223B;ACTIVITE SPORTIVE;NULL;NULL;NULL; - 
554122;Societe_000224;0000224A;AUXILIAIRES FINANCIERS ET D ASSURANCE;AUTRES AUXILIAIRES FINANCIERS;NULL;NULL; - 
556113;Societe_000225;0000225Y;INDUSTRIE CHIMIQUE;FABRICATION D AUTRES PRODUITS CHIMIQUES INORGANIQUES DE BASE;NULL;NULL; - 
557042;Societe_000226;0000226I;êDUCATION;NULL;NULL;NULL; - 
557069;Societe_000227;0000227X;AGRICULTURE, CHASSE, SERVICES ANNEXES;"CULTURE DE CêRêALES ; CULTURES INDUSTRIELLES";NULL;NULL; - 
557111;Societe_000228;0000228X;ACTIVITE SPORTIVE;NULL;NULL;NULL; - 
557764;Societe_000229;0000229R;ACTIVITêS IMMOBILI‘RES;AGENCES IMMOBILI‘RES;NULL;NULL; - 
557771;Societe_000230;0000230Z;H‚TELS ET RESTAURANTS;RESTAURATION DE TYPE TRADITIONNEL;NULL;NULL; - 
557798;Societe_000231;0000231W;SANTê ET ACTION SOCIALE;ACTIVITêS DES AUXILIAIRES MêDICAUX;NULL;NULL; - 
557802;Societe_000232;0000232R;SANTê ET ACTION SOCIALE;ACTIVITêS DES AUXILIAIRES MêDICAUX;NULL;NULL; - 
557820;Societe_000233;0000233A;SANTê ET ACTION SOCIALE;LABORATOIRE D'ANALYSES MEDICALES;NULL;NULL; - 
557822;Societe_000234;0000234X;SANTê ET ACTION SOCIALE;ACTIVITêS DES AUXILIAIRES MêDICAUX;NULL;NULL; - 
557878;Societe_000235;0000235U;AUXILIAIRES FINANCIERS ET D ASSURANCE;AUXILIAIRES D ASSURANCE;NULL;NULL; - 
557938;Societe_000236;0000236I;AGRICULTURE, CHASSE, SERVICES ANNEXES;"CULTURE DE CêRêALES ; CULTURES INDUSTRIELLES";NULL;NULL; - 
557969;Societe_000237;0000237D;SANTê ET ACTION SOCIALE;ACTIVITêS DES AUXILIAIRES MêDICAUX;NULL;NULL; - 
557980;Societe_000238;0000238P;SANTê ET ACTION SOCIALE;LABORATOIRES D ANALYSES MêDICALES;NULL;NULL; - 
557981;Societe_000239;0000239U;SANTê ET ACTION SOCIALE;ACTIVITêS DES AUXILIAIRES MêDICAUX;NULL;NULL; - 
557985;Societe_000240;0000240S;AGRICULTURE, CHASSE, SERVICES ANNEXES;"CULTURE DE CêRêALES ; CULTURES INDUSTRIELLES";NULL;NULL; - 
558014;Societe_000241;0000241Q;AUCUN;NON DEFINI;NULL;NULL; - 
558015;Societe_000242;0000242S;AUCUN;NON DEFINI;NULL;NULL; - 
558328;Societe_000243;0000243Q;ACTIVITêS IMMOBILI‘RES;PROMOTION IMMOBILI‘RE DE LOGEMENTS;NULL;NULL; - 
558519;Societe_000244;0000244I;AUCUN;NON DEFINI;NULL;NULL; - 
558529;Societe_000245;0000245Z;ACTIVITêS INFORMATIQUES;RêALISATION DE LOGICIELS;NULL;NULL; - 
558548;Societe_000246;0000246E;CONSTRUCTION;CONSTRUCTION DE CHAUSSêES ROUTI‘RES ET DE SOLS SPORTIFS;NULL;NULL; - 
558287;Societe_000247;0000247O;TRAVAIL DU BOIS ET FABRICATION D ARTICLES EN BOIS;SCIAGE ET RABOTAGE DU BOIS;NULL;NULL; - 
558289;Societe_000248;0000248W;COMMERCE DE DêTAIL ET RêPARATION D ARTICLES DOMESTIQUES;COMMERCE DE DêTAIL D APPAREILS êLECTROMêNAGERS ET DE RADIO TêLêVISION;NULL;NULL; - 
558567;Societe_000249;0000249Q;AUXILIAIRES FINANCIERS ET D ASSURANCE;AUXILIAIRES D ASSURANCE;NULL;NULL; - 
558594;Societe_000250;0000250B;ASSURANCE;ASSURANCE VIE ET CAPITALISATION;NULL;NULL; - 
558731;Societe_000251;0000251D;ACTIVITêS IMMOBILI‘RES;PROMOTION IMMOBILI‘RE DE LOGEMENTS;NULL;NULL; - 
559102;Societe_000252;0000252V;ACTIVITêS INFORMATIQUES;AUTRES ACTIVITêS RATTACHêES ∑ L INFORMATIQUE;NULL;NULL; - 
559250;Societe_000253;0000253B;êDUCATION;AUTRES ENSEIGNEMENTS;NULL;NULL; - 
559256;Societe_000254;0000254J;SERVICES FOURNIS PRINCIPALEMENT AUX ENTREPRISES;CONSEIL POUR LES AFFAIRES ET LA GESTION;NULL;NULL; - 
559263;Societe_000255;0000255S;SERVICES FOURNIS PRINCIPALEMENT AUX ENTREPRISES;CONSEIL POUR LES AFFAIRES ET LA GESTION;NULL;NULL; - 
559268;Societe_000256;0000256Q;AUXILIAIRES FINANCIERS ET D ASSURANCE;AUXILIAIRES D ASSURANCE;NULL;NULL; - 
559298;Societe_000257;0000257V;AUXILIAIRES FINANCIERS ET D ASSURANCE;AUXILIAIRES D ASSURANCE;NULL;NULL; - 
559305;Societe_000258;0000258A;INDUSTRIE DU CAOUTCHOUC ET DES PLASTIQUES;TECHNICIEN ;NULL;NULL; - 
559186;Societe_000259;0000259N;ACTIVITêS INFORMATIQUES;ENTRETIEN, RêPARATION MACHINES DE BUREAU ET MATêRIEL INFORMATIQUE;NULL;NULL; - 
559338;Societe_000260;0000260E;TRANSPORTS TERRESTRES;TRANSPORTS PAR CONDUITES;NULL;NULL; - 
559651;Societe_000261;0000261L;ASSURANCE;ASSURANCE VIE ET CAPITALISATION;NULL;NULL; - 
559657;Societe_000262;0000262J;INDUSTRIE DES PRODUITS ARTISANALES;ARTICLES ARTISANALES ,ANTIQUITE ET SOUVENIR;NULL;NULL; - 
559658;Societe_000263;0000263J;SERVICES FOURNIS PRINCIPALEMENT AUX ENTREPRISES;ADMINISTRATION D ENTREPRISES;NULL;NULL; - 
559892;Societe_000264;0000264S;SERVICES FOURNIS PRINCIPALEMENT AUX ENTREPRISES;CONSEIL POUR LES AFFAIRES ET LA GESTION;NULL;NULL; - 
559919;Societe_000265;0000265A;SERVICES FOURNIS PRINCIPALEMENT AUX ENTREPRISES;SERVICES ANNEXES ∑ LA PRODUCTION;NULL;NULL; - 
559975;Societe_000266;0000266Q;CONSTRUCTION;CONSTRUCTION DE B∂TIMENTS DIVERS;NULL;NULL; - 
559976;Societe_000267;0000267U;FABRICATION D INSTRUMENTS MêDICAUX, DE PRêCISION, D OPTIQUE ET D HORLOGERIE;FABRICATION D INSTRUMENTATION SCIENTIFIQUE ET TECHNIQUE;NULL;NULL; - 
559991;Societe_000268;0000268D;AUCUN;NON DEFINI;NULL;NULL; - 
559997;Societe_000269;0000269Y;AUCUN;NON DEFINI;NULL;NULL; - 
560033;Societe_000270;0000270H;SERVICES FOURNIS PRINCIPALEMENT AUX ENTREPRISES;CONSEIL POUR LES AFFAIRES ET LA GESTION;NULL;NULL; - 
560034;Societe_000271;0000271K;H‚TELS ET RESTAURANTS;H‚TELS AVEC RESTAURANT;NULL;NULL; - 
560038;Societe_000272;0000272T;SERVICES FOURNIS PRINCIPALEMENT AUX ENTREPRISES;CONSEIL POUR LES AFFAIRES ET LA GESTION;NULL;NULL; - 
560078;Societe_000273;0000273J;ACTIVITêS INFORMATIQUES;CONSEIL EN SYST‘MES INFORMATIQUES;NULL;NULL; - 
560100;Societe_000274;0000274J;ACTIVITêS IMMOBILI‘RES;PROMOTION IMMOBILI‘RE DE LOGEMENTS;NULL;NULL; - 
560495;Societe_000275;0000275I;TRAVAIL DU BOIS ET FABRICATION D ARTICLES EN BOIS;SCIAGE ET RABOTAGE DU BOIS;NULL;NULL; - 
560601;Societe_000276;0000276J;TRANSPORTS TERRESTRES;TRANSPORTS FERROVIAIRES;NULL;NULL; - 
560738;Societe_000277;0000277Q;INDUSTRIE DU PAPIER ET DU CARTON;FABRICATION D EMBALLAGES EN PAPIER;NULL;NULL; - 
561225;Societe_000278;0000278P;AUCUN;NON DEFINI;NULL;NULL; - 
563515;Societe_000279;0000279F;AUCUN;NON DEFINI;NULL;NULL; - 
563606;Societe_000280;0000280W;ACTIVITêS IMMOBILI‘RES;PROMOTION IMMOBILI‘RE DE LOGEMENTS;NULL;NULL; - 
563657;Societe_000281;0000281D;SERVICES DOMESTIQUES;SERVICES DOMESTIQUES;NULL;NULL; - 
564582;Societe_000282;0000282S;TRAVAIL DU BOIS ET FABRICATION D ARTICLES EN BOIS;SCIAGE ET RABOTAGE DU BOIS;NULL;NULL; - 
564600;Societe_000283;0000283Q;AUCUN;NON DEFINI;NULL;NULL; - 
564602;Societe_000284;0000284J;AUCUN;NON DEFINI;NULL;NULL; - 
564682;Societe_000285;0000285Q;"FABRICATION DE MEUBLES; INDUSTRIES DIVERSES";FABRICATION DE MEUBLES DE JARDIN ET D EXTêRIEUR;NULL;NULL; - 
564687;Societe_000286;0000286K;"FABRICATION DE MEUBLES; INDUSTRIES DIVERSES";INDUSTRIES CONNEXES DE L AMEUBLEMENT;NULL;NULL; - 
564702;Societe_000287;0000287Y;"FABRICATION DE MEUBLES; INDUSTRIES DIVERSES";AUTRES ACTIVITêS MANUFACTURI‘RES N.C.A.;NULL;NULL; - 
566186;Societe_000288;0000288Q;INDUSTRIE DU CAOUTCHOUC ET DES PLASTIQUES;FABRICATION D AUTRES ARTICLES EN CAOUTCHOUC;NULL;NULL; - 
566190;Societe_000289;0000289K;ACTIVITêS INFORMATIQUES;ACTIVITêS DE BANQUES DE DONNêES;NULL;NULL; - 
567554;Societe_000290;0000290C;COMMERCE ET RêPARATION AUTOMOBILE;COMMERCE DE VêHICULES AUTOMOBILES;NULL;NULL; - 
567566;Societe_000291;0000291V;FABRICATION DE MACHINES ET êQUIPEMENTS;FABRICATION D AUTRES MACHINES SPêCIALISêES;NULL;NULL; - 
567638;Societe_000292;0000292C;SERVICES FOURNIS PRINCIPALEMENT AUX ENTREPRISES;CONSEIL POUR LES AFFAIRES ET LA GESTION;NULL;NULL; - 
567650;Societe_000293;0000293P;SANTê ET ACTION SOCIALE;ACTIVITêS HOSPITALI‘RES;NULL;NULL; - 
567655;Societe_000294;0000294K;SERVICES FOURNIS PRINCIPALEMENT AUX ENTREPRISES;SêLECTION ET MISE ∑ DISPOSITION DE PERSONNEL;NULL;NULL; - 
567659;Societe_000295;0000295E;SERVICES FOURNIS PRINCIPALEMENT AUX ENTREPRISES;GESTION DE SUPPORTS DE PUBLICITê;NULL;NULL; - 
567854;Societe_000296;0000296D;COMMERCE DE GROS ET INTERMêDIAIRES DU COMMERCE;COMMERCE DE GROS DE MATêRIEL êLECTRIQUE ET êLECTRONIQUE;NULL;NULL; - 
568062;Societe_000297;0000297I;H‚TELS ET RESTAURANTS;CAFêS TABACS;NULL;NULL; - 
568151;Societe_000298;0000298A;SERVICES AUXILIAIRES DES TRANSPORTS;AGENCES DE VOYAGE;NULL;NULL; - 
568164;Societe_000299;0000299O;INDUSTRIES ALIMENTAIRES;BOULANGERIE ET BOULANGERIE P∂TISSERIE;NULL;NULL; - 
568438;Societe_000300;0000300H;ACTIVITES MRP TARIFIABLES;Bureau administratif ;NULL;NULL; - 
568454;Societe_000301;0000301A;SERVICES FOURNIS PRINCIPALEMENT AUX ENTREPRISES;ORGANISATION DE FOIRES ET SALONS;NULL;NULL; - 
568794;Societe_000302;0000302G;SERVICES FOURNIS PRINCIPALEMENT AUX ENTREPRISES;êTUDES DE MARCHê ET SONDAGES;NULL;NULL; - 
568818;Societe_000303;0000303C;êDITION, IMPRIMERIE, REPRODUCTION;êDITION DE REVUES ET PêRIODIQUES;NULL;NULL; - 
568826;Societe_000304;0000304V;POSTES ET TêLêCOMMUNICATIONS;POSTES NATIONALES;NULL;NULL; - 
568929;Societe_000305;0000305H;FABRICATION DE MACHINES ET êQUIPEMENTS;FABRICATION D APPAREILS êLECTROMêNAGERS;;NULL; - 
568931;Societe_000306;0000306S;COMMERCE DE GROS ET INTERMêDIAIRES DU COMMERCE;AGRICULTEURS;NULL;NULL; - 
569004;Societe_000307;0000307B;SERVICES FOURNIS PRINCIPALEMENT AUX ENTREPRISES;AGENCES, CONSEIL EN PUBLICITê;NULL;NULL; - 
569051;Societe_000308;0000308S;ACTIVITêS IMMOBILI‘RES;PROMOTION IMMOBILI‘RE DE LOGEMENTS;NULL;NULL; - 
569077;Societe_000309;0000309O;ACTIVITêS IMMOBILI‘RES;PROMOTION IMMOBILI‘RE DE LOGEMENTS;NULL;NULL; - 
569138;Societe_000310;0000310P;ACTIVITêS IMMOBILI‘RES;PROMOTION IMMOBILI‘RE DE LOGEMENTS;NULL;NULL; - 
569208;Societe_000311;0000311I;COMMERCE DE GROS ET INTERMêDIAIRES DU COMMERCE;INTERMêDIAIRE DU COMMERCE EN PRODUITS ALIMENTAIRES;NULL;NULL; - 
569349;Societe_000312;0000312B;AUCUN;NON DEFINI;NULL;NULL; - 
569425;Societe_000313;0000313L;SERVICES FOURNIS PRINCIPALEMENT AUX ENTREPRISES;GESTION DE SUPPORTS DE PUBLICITê;NULL;NULL; - 
569429;Societe_000314;0000314M;SERVICES FOURNIS PRINCIPALEMENT AUX ENTREPRISES;GESTION DE SUPPORTS DE PUBLICITê;NULL;NULL; - 
569433;Societe_000315;0000315M;SERVICES FOURNIS PRINCIPALEMENT AUX ENTREPRISES;CONSEIL POUR LES AFFAIRES ET LA GESTION;NULL;NULL; - 
569454;Societe_000316;0000316O;ACTIVITêS INFORMATIQUES;ENTRETIEN, RêPARATION MACHINES DE BUREAU ET MATêRIEL INFORMATIQUE;NULL;NULL; - 
569482;Societe_000317;0000317K;COMMERCE DE GROS ET INTERMêDIAIRES DU COMMERCE;COMMERCE DE GROS DE PRODUITS PHARMACEUTIQUES;NULL;NULL; - 
569484;Societe_000318;0000318X;SANTê ET ACTION SOCIALE;LABORATOIRES D ANALYSES MêDICALES;NULL;NULL; - 
569511;Societe_000319;0000319H;SERVICES FOURNIS PRINCIPALEMENT AUX ENTREPRISES;ACTIVITêS DE NETTOYAGE;NULL;NULL; - 
569817;Societe_000320;0000320B;SERVICES FOURNIS PRINCIPALEMENT AUX ENTREPRISES;GESTION DE SUPPORTS DE PUBLICITê;NULL;NULL; - 
570060;Societe_000321;0000321O;CONSTRUCTION;CONSTRUCTION DE CHAUSSêES ROUTI‘RES ET DE SOLS SPORTIFS;NULL;NULL; - 
570076;Societe_000322;0000322T;AUXILIAIRES FINANCIERS ET D ASSURANCE;AUXILIAIRES D ASSURANCE;NULL;NULL; - 
570084;Societe_000323;0000323U;SERVICES PERSONNELS;SOINS DE BEAUTê;NULL;NULL; - 
570085;Societe_000324;0000324K;SERVICES FOURNIS PRINCIPALEMENT AUX ENTREPRISES;CONDITIONNEMENT ∑ FAÄON;NULL;NULL; - 
570089;Societe_000325;0000325Y;ACTIVITêS INFORMATIQUES;CONSEIL EN SYST‘MES INFORMATIQUES;NULL;NULL; - 
570118;Societe_000326;0000326P;COMMERCE DE GROS ET INTERMêDIAIRES DU COMMERCE;COMMERCE DE GROS D APPAREILS êLECTROMêNAGERS ET DE RADIO TêLêVISION;NULL;NULL; - 
570131;Societe_000327;0000327T;INTERMêDIATION FINANCI‘RE;BANQUES;NULL;NULL; - 
569527;Societe_000328;0000328T;ACTIVITêS ASSOCIATIVES;ORGANISATIONS ASSOCIATIVES N.C.A.;NULL;NULL; - 
569586;Societe_000329;0000329L;INDUSTRIE AUTOMOBILE;CONSTRUCTION DE VêHICULES AUTOMOBILES;La Mannouba;NULL;La Mannouba - 
569765;Societe_000330;0000330U;AUCUN;NON DEFINI;NULL;NULL; - 
570306;Societe_000331;0000331G;AGENCES ET BUREAUX;AGENCES ET BUREAUX;NULL;NULL; - 
570311;Societe_000332;0000332O;ADMINISTRATION PUBLIQUE;ADMINISTRATION PUBLIQUE GêNêRALE;NULL;NULL; - 
570931;Societe_000333;0000333C;AUCUN;NON DEFINI;NULL;NULL; - 
570953;Societe_000334;0000334I;AUCUN;NON DEFINI;NULL;NULL; - 
570996;Societe_000335;0000335H;AGENCES ET BUREAUX;SERVICE INFORMATIQUE ;NULL;NULL; - 
571000;Societe_000336;0000336Z;AGRICULTURE, CHASSE, SERVICES ANNEXES;êLEVAGE DE VOLAILLES;NULL;NULL; - 
571449;Societe_000337;0000337Y;êDITION, IMPRIMERIE, REPRODUCTION;AUTRE IMPRIMERIE (LABEUR);NULL;NULL; - 
571456;Societe_000338;0000338V;CONSTRUCTION;AUTRES TRAVAUX SPêCIALISêS DE CONSTRUCTION;NULL;NULL; - 
571465;Societe_000339;0000339U;êDUCATION;ENSEIGNEMENT PRIMAIRE;;NULL; - 
572275;Societe_000340;0000340T;"FABRICATION DE MEUBLES; INDUSTRIES DIVERSES";FABRICATION DE SI‘GES;NULL;NULL; - 
572305;Societe_000341;0000341D;CONSTRUCTION;CONSTRUCTION DE B∂TIMENTS DIVERS;NULL;NULL; - 
572389;Societe_000342;0000342G;CONSTRUCTION;TERRASSEMENTS DIVERS, DêMOLITION;NULL;NULL; - 
572430;Societe_000343;0000343O;COMMERCE DE DêTAIL ET RêPARATION D ARTICLES DOMESTIQUES;JOUETS, SPORTS CAMPING (MAGASIN DE VENTE);NULL;NULL; - 
572573;Societe_000344;0000344B;AUCUN;NON DEFINI;NULL;NULL; - 
573118;Societe_000345;0000345G;AUCUN;NON DEFINI;;NULL; - 
573138;Societe_000346;0000346L;AUCUN;NON DEFINI;NULL;NULL; - 
573145;Societe_000347;0000347N;êDUCATION;FORMATION DES ADULTES ET FORMATION CONTINUE;NULL;NULL; - 
573146;Societe_000348;0000348P;ACTIVITêS INFORMATIQUES;RêALISATION DE LOGICIELS;NULL;NULL; - 
573162;Societe_000349;0000349E;SANTê ET ACTION SOCIALE;LABORATOIRES D ANALYSES MêDICALES;NULL;NULL; - 
573167;Societe_000350;0000350Y;ACTIVITES IARD TARIFIABLES;PHARMACIENS (VENTE EN DETAIL);NULL;NULL; - 
573212;Societe_000351;0000351Q;AUXILIAIRES FINANCIERS ET D ASSURANCE;AUXILIAIRES D ASSURANCE;NULL;NULL; - 
573951;Societe_000352;0000352I;SERVICES FOURNIS PRINCIPALEMENT AUX ENTREPRISES;GESTION DE SUPPORTS DE PUBLICITê;NULL;NULL; - 
574033;Societe_000353;0000353O;AUCUN;NON DEFINI;NULL;NULL; - 
574058;Societe_000354;0000354H;ACTIVITES IARD TARIFIABLES;PHARMACIENS (VENTE EN DETAIL);NULL;NULL; - 
574233;Societe_000355;0000355V;AUCUN;NON DEFINI;NULL;NULL; - 
574410;Societe_000356;0000356U;SERVICES FOURNIS PRINCIPALEMENT AUX ENTREPRISES;AGENCES, CONSEIL EN PUBLICITê;NULL;NULL; - 
574519;Societe_000357;0000357O;FABRICATION DE MACHINES DE BUREAU ET DE MATêRIEL INFORMATIQUE;FABRICATION DE MACHINES DE BUREAU;NULL;NULL; - 
574535;Societe_000358;0000358U;COMMERCE DE GROS ET INTERMêDIAIRES DU COMMERCE;INTERMêDIAIRE DU COMMERCE EN BOIS ET MATêRIAUX DE CONSTRUCTION;NULL;NULL; - 
574716;Societe_000359;0000359O;AUXILIAIRES FINANCIERS ET D ASSURANCE;AUXILIAIRES D ASSURANCE;NULL;NULL; - 
574725;Societe_000360;0000360Z;SERVICES FOURNIS PRINCIPALEMENT AUX ENTREPRISES;INGêNIERIE, êTUDES TECHNIQUES;NULL;NULL; - 
574756;Societe_000361;0000361K;êDUCATION;ENSEIGNEMENT SECONDAIRE GêNêRAL;La Mannouba;NULL;La Mannouba - 
574808;Societe_000362;0000362U;COMMERCE DE DêTAIL ET RêPARATION D ARTICLES DOMESTIQUES;JOUETS, SPORTS CAMPING (MAGASIN DE VENTE);NULL;NULL; - 
574859;Societe_000363;0000363M;ACTIVITêS IMMOBILI‘RES;PROMOTION IMMOBILI‘RE DE LOGEMENTS;LA SOUKRA ;NULL;LA SOUKRA  - 
574977;Societe_000364;0000364Y;ACTIVITES IARD TARIFIABLES;ALIMENTATION GENERALE (COMMERCE);NULL;NULL; - 
574979;Societe_000365;0000365Y;ACTIVITES IARD TARIFIABLES;PHARMACIENS (VENTE EN DETAIL);NULL;NULL; - 
575026;Societe_000366;0000366P;AUCUN;NON DEFINI;NULL;NULL; - 
575285;Societe_000367;0000367C;AUCUN;NON DEFINI;NULL;NULL; - 
575567;Societe_000368;0000368D;ASSURANCE;RêASSURANCE;NULL;NULL; - 
575568;Societe_000369;0000369R;ACTIVITêS ASSOCIATIVES;ORGANISATIONS PROFESSIONNELLES;NULL;NULL; - 
575609;Societe_000370;0000370Q;H‚TELS ET RESTAURANTS;HOTEL;NULL;NULL; - 
575621;Societe_000371;0000371G;SERVICES FOURNIS PRINCIPALEMENT AUX ENTREPRISES;GESTION DE SUPPORTS DE PUBLICITê;NULL;NULL; - 
575626;Societe_000372;0000372Q;FABRICATION DE MACHINES DE BUREAU ET DE MATêRIEL INFORMATIQUE;FABRICATION DE MACHINES DE BUREAU;NULL;NULL; - 
575635;Societe_000373;0000373X;FABRICATION DE MACHINES ET êQUIPEMENTS;FABRICATION DE POMPES ET COMPRESSEURS;NULL;NULL; - 
574983;Societe_000374;0000374E;ACTIVITES IARD TARIFIABLES;ALIMENTATION GENERALE (COMMERCE);Tunis;NULL;Tunis - 
575722;Societe_000375;0000375N;AUCUN;NON DEFINI;NULL;NULL; - 
575905;Societe_000376;0000376Q;ACTIVITêS ASSOCIATIVES;ORGANISATIONS ASSOCIATIVES N.C.A.;NULL;NULL; - 
575944;Societe_000377;0000377T;AGRICULTURE, CHASSE, SERVICES ANNEXES;"CULTURE DE CêRêALES ; CULTURES INDUSTRIELLES";;NULL; - 
576295;Societe_000378;0000378P;ACTIVITêS IMMOBILI‘RES;PROMOTION IMMOBILI‘RE DE LOGEMENTS;NULL;NULL; - 
576315;Societe_000379;0000379Q;PRODUCTION ET DISTRIBUTION D êLECTRICITê, DE GAZ ET DE CHALEUR;PRODUCTION ET DISTRIBUTION D êLECTRICITê;NULL;NULL; - 
578864;Societe_000380;0000380B;AUXILIAIRES FINANCIERS ET D ASSURANCE;ADMINISTRATION DE MARCHêS FINANCIERS;NULL;NULL; - 
578928;Societe_000381;0000381R;êDUCATION;ENSEIGNEMENT PRIMAIRE;NULL;NULL; - 
579242;Societe_000382;0000382X;AUXILIAIRES FINANCIERS ET D ASSURANCE;AUXILIAIRES D ASSURANCE;NULL;NULL; - 
579258;Societe_000383;0000383X;AUXILIAIRES FINANCIERS ET D ASSURANCE;ADMINISTRATION DE MARCHêS FINANCIERS;NULL;NULL; - 
579260;Societe_000384;0000384O;AUCUN;NON DEFINI;NULL;NULL; - 
579265;Societe_000385;0000385O;AUCUN;NON DEFINI;NULL;NULL; - 
579276;Societe_000386;0000386O;H‚TELS ET RESTAURANTS;H‚TELS AVEC RESTAURANT;NULL;NULL; - 
579466;Societe_000387;0000387F;AGRICULTURE, CHASSE, SERVICES ANNEXES;CULTURE FRUITI‘RE;NULL;NULL; - 
579501;Societe_000388;0000388K;êDUCATION;ENSEIGNEMENT PRIMAIRE;NULL;NULL; - 
579525;Societe_000389;0000389D;AUCUN;NON DEFINI;NULL;NULL; - 
579528;Societe_000390;0000390C;AUCUN;NON DEFINI;NULL;NULL; - 
579537;Societe_000391;0000391K;AUCUN;NON DEFINI;NULL;NULL; - 
579728;Societe_000392;0000392B;LOCATION SANS OPêRATEUR;LOCATION DE VêHICULES AUTOMOBILES;NULL;NULL; - 
579896;Societe_000393;0000393R;ACTIVITêS ASSOCIATIVES;ORGANISATIONS PROFESSIONNELLES;NULL;NULL; - 
579937;Societe_000394;0000394U;AUXILIAIRES FINANCIERS ET D ASSURANCE;AUXILIAIRES D ASSURANCE;NULL;NULL; - 
580283;Societe_000395;0000395H;INDUSTRIE DU PAPIER ET DU CARTON;FABRICATION D EMBALLAGES EN PAPIER;NULL;NULL; - 
580301;Societe_000396;0000396E;AUCUN;NON DEFINI;NULL;NULL; - 
580430;Societe_000397;0000397Q;ACTIVITêS IMMOBILI‘RES;PROMOTION IMMOBILI‘RE DE LOGEMENTS;NULL;NULL; - 
580469;Societe_000398;0000398B;ACTIVITêS INFORMATIQUES;AUTRES ACTIVITêS RATTACHêES ∑ L INFORMATIQUE;NULL;NULL; - 
580525;Societe_000399;0000399G;SANTê ET ACTION SOCIALE;ACTIVITêS DES AUXILIAIRES MêDICAUX;NULL;NULL; - 
580582;Societe_000400;0000400Z;AUCUN;NON DEFINI;NULL;NULL; - 
580601;Societe_000401;0000401Z;ACTIVITêS ASSOCIATIVES;ORGANISATIONS PATRONALES ET CONSULAIRES;NULL;NULL; - 
580855;Societe_000402;0000402Q;AUXILIAIRES FINANCIERS ET D ASSURANCE;AUXILIAIRES D ASSURANCE;NULL;NULL; - 
580872;Societe_000403;0000403D;TRANSPORTS AêRIENS;TRANSPORTS AêRIENS RêGULIERS;;NULL; - 
580873;Societe_000404;0000404Z;CONSTRUCTION;TERRASSEMENTS DIVERS, DêMOLITION;NULL;NULL; - 
580604;Societe_000405;0000405Y;SERVICES AUXILIAIRES DES TRANSPORTS;ORGANISATION DES TRANSPORTS INTERNATIONAUX;NULL;NULL; - 
580636;Societe_000406;0000406C;AUCUN;NON DEFINI;NULL;NULL; - 
581403;Societe_000407;0000407I;CONSTRUCTION;TERRASSEMENTS DIVERS, DêMOLITION;NULL;NULL; - 
581437;Societe_000408;0000408Y;AUXILIAIRES FINANCIERS ET D ASSURANCE;AUXILIAIRES D ASSURANCE;NULL;NULL; - 
581570;Societe_000409;0000409S;INDUSTRIE DU PAPIER ET DU CARTON;FABRICATION D EMBALLAGES EN PAPIER;NULL;NULL; - 
581609;Societe_000410;0000410O;ACTIVITES MRP TARIFIABLES;Parfumerie;NULL;NULL; - 
581621;Societe_000411;0000411E;COMMERCE DE GROS ET INTERMêDIAIRES DU COMMERCE;INTERMêDIAIRE DU COMMERCE EN BOIS ET MATêRIAUX DE CONSTRUCTION;NULL;NULL; - 
581701;Societe_000412;0000412L;INDUSTRIE AUTOMOBILE;FABRICATION D êQUIPEMENTS AUTOMOBILES;NULL;NULL; - 
581852;Societe_000413;0000413A;TRANSPORTS AêRIENS;TRANSPORTS AêRIENS RêGULIERS;NULL;NULL; - 
581887;Societe_000414;0000414P;ACTIVITES IARD TARIFIABLES;PHARMACIENS (VENTE EN DETAIL);NULL;NULL; - 
581943;Societe_000415;0000415J;ACTIVITêS IMMOBILI‘RES;PROMOTION IMMOBILI‘RE DE LOGEMENTS;NULL;NULL; - 
581960;Societe_000416;0000416X;êDUCATION;ENSEIGNEMENT SUPêRIEUR;NULL;NULL; - 
582212;Societe_000417;0000417Q;ACTIVITêS ASSOCIATIVES;ORGANISATIONS ASSOCIATIVES N.C.A.;NULL;NULL; - 
582561;Societe_000418;0000418D;ACTIVITêS INFORMATIQUES;RêALISATION DE LOGICIELS;NULL;NULL; - 
582642;Societe_000419;0000419E;AUXILIAIRES FINANCIERS ET D ASSURANCE;AUXILIAIRES D ASSURANCE;NULL;NULL; - 
582673;Societe_000420;0000420O;ACTIVITêS ASSOCIATIVES;ORGANISATIONS ASSOCIATIVES N.C.A.;NULL;NULL; - 
582872;Societe_000421;0000421M;AUXILIAIRES FINANCIERS ET D ASSURANCE;AUXILIAIRES D ASSURANCE;NULL;NULL; - 
583112;Societe_000422;0000422H;ACTIVITêS INFORMATIQUES;CONSEIL EN SYST‘MES INFORMATIQUES;NULL;NULL; - 
583145;Societe_000423;0000423D;AUCUN;NON DEFINI;NULL;NULL; - 
583955;Societe_000424;0000424J;AGENCES ET BUREAUX;AGENCES ET BUREAUX;NULL;NULL; - 
584289;Societe_000425;0000425O;ACTIVITES IARD TARIFIABLES;MEDECIN;NULL;NULL; - 
584324;Societe_000426;0000426O;ACTIVITêS INFORMATIQUES;CONSEIL EN SYST‘MES INFORMATIQUES;NULL;NULL; - 
584419;Societe_000427;0000427G;COMMERCE ET RêPARATION AUTOMOBILE;COMMERCE DE VêHICULES AUTOMOBILES;NULL;NULL; - 
584446;Societe_000428;0000428S;AUXILIAIRES FINANCIERS ET D ASSURANCE;AUXILIAIRES D ASSURANCE;NULL;NULL; - 
584866;Societe_000429;0000429C;AUCUN;NON DEFINI;NULL;NULL; - 
584899;Societe_000430;0000430X;ACTIVITêS INFORMATIQUES;AUTRES ACTIVITêS RATTACHêES ∑ L INFORMATIQUE;NULL;NULL; - 
585014;Societe_000431;0000431M;AUCUN;NON DEFINI;NULL;NULL; - 
585216;Societe_000432;0000432L;SERVICES AUXILIAIRES DES TRANSPORTS;AGENCES DE VOYAGE;NULL;NULL; - 
585225;Societe_000433;0000433L;AUCUN;NON DEFINI;NULL;NULL; - 
586415;Societe_000434;0000434L;AUCUN;NON DEFINI;NULL;NULL; - 
586496;Societe_000435;0000435Q;ACTIVITêS INFORMATIQUES;CONSEIL EN SYST‘MES INFORMATIQUES;NULL;NULL; - 
586617;Societe_000436;0000436L;TRANSPORTS AêRIENS;TRANSPORTS AêRIENS RêGULIERS;NULL;NULL; - 
586720;Societe_000437;0000437E;ACTIVITêS IMMOBILI‘RES;PROMOTION IMMOBILI‘RE DE LOGEMENTS;NULL;NULL; - 
586876;Societe_000438;0000438N;ACTIVITêS ASSOCIATIVES;ORGANISATIONS PROFESSIONNELLES;NULL;NULL; - 
586972;Societe_000439;0000439H;COMMERCE DE GROS ET INTERMêDIAIRES DU COMMERCE;AGRICULTEURS;NULL;NULL; - 
587031;Societe_000440;0000440A;AUCUN;NON DEFINI;NULL;NULL; - 
587032;Societe_000441;0000441R;AUCUN;NON DEFINI;NULL;NULL; - 
587035;Societe_000442;0000442W;AUCUN;NON DEFINI;NULL;NULL; - 
587044;Societe_000443;0000443L;ASSAINISSEMENT, VOIRIE ET GESTION DES DêCHETS;êLIMINATION ET TRAITEMENT DES AUTRES DêCHETS;NULL;NULL; - 
587166;Societe_000444;0000444H;AUCUN;NON DEFINI;NULL;NULL; - 
588431;Societe_000445;0000445S;H‚TELS ET RESTAURANTS;H‚TELS AVEC RESTAURANT;NULL;NULL; - 
588449;Societe_000446;0000446M;ACTIVITêS ASSOCIATIVES;ORGANISATIONS PATRONALES ET CONSULAIRES;NULL;NULL; - 
588459;Societe_000447;0000447F;ACTIVITêS ASSOCIATIVES;ORGANISATIONS PATRONALES ET CONSULAIRES;NULL;NULL; - 
588466;Societe_000448;0000448E;AUCUN;NON DEFINI;NULL;NULL; - 
588477;Societe_000449;0000449V;AUCUN;NON DEFINI;NULL;NULL; - 
588664;Societe_000450;0000450D;COMMERCE DE GROS ET INTERMêDIAIRES DU COMMERCE;COMMERCE DE GROS DE MACHINES DE BUREAU ET MATêRIEL INFORMATIQUE;NULL;NULL; - 
588667;Societe_000451;0000451E;H‚TELS ET RESTAURANTS;H‚TELS AVEC RESTAURANT;NULL;NULL; - 
587065;Societe_000452;0000452J;SERVICES FOURNIS PRINCIPALEMENT AUX ENTREPRISES;CONSEIL POUR LES AFFAIRES ET LA GESTION;NULL;NULL; - 
587067;Societe_000453;0000453V;AUXILIAIRES FINANCIERS ET D ASSURANCE;AUXILIAIRES D ASSURANCE;NULL;NULL; - 
587071;Societe_000454;0000454V;SERVICES FOURNIS PRINCIPALEMENT AUX ENTREPRISES;AGENCES, CONSEIL EN PUBLICITê;NULL;NULL; - 
587076;Societe_000455;0000455X;SERVICES FOURNIS PRINCIPALEMENT AUX ENTREPRISES;CONSEIL POUR LES AFFAIRES ET LA GESTION;NULL;NULL; - 
587082;Societe_000456;0000456C;SERVICES FOURNIS PRINCIPALEMENT AUX ENTREPRISES;CONSEIL POUR LES AFFAIRES ET LA GESTION;NULL;NULL; - 
587114;Societe_000457;0000457P;SERVICES FOURNIS PRINCIPALEMENT AUX ENTREPRISES;CONSEIL POUR LES AFFAIRES ET LA GESTION;NULL;NULL; - 
588739;Societe_000458;0000458S;AUXILIAIRES FINANCIERS ET D ASSURANCE;AUXILIAIRES D ASSURANCE;NULL;NULL; - 
588793;Societe_000459;0000459H;FABRICATION DE MACHINES DE BUREAU ET DE MATêRIEL INFORMATIQUE;FABRICATION DE MACHINES DE BUREAU;NULL;NULL; - 
588820;Societe_000460;0000460C;AUCUN;NON DEFINI;NULL;NULL; - 
588821;Societe_000461;0000461V;AUCUN;NON DEFINI;NULL;NULL; - 
589236;Societe_000462;0000462U;SERVICES FOURNIS PRINCIPALEMENT AUX ENTREPRISES;ACTIVITêS COMPTABLES;NULL;NULL; - 
589238;Societe_000463;0000463J;SERVICES FOURNIS PRINCIPALEMENT AUX ENTREPRISES;ACTIVITêS COMPTABLES;NULL;NULL; - 
589427;Societe_000464;0000464B;AGENCES ET BUREAUX;AGENCES ET BUREAUX;NULL;NULL; - 
589476;Societe_000465;0000465E;ACTIVITêS IMMOBILI‘RES;PROMOTION IMMOBILI‘RE DE LOGEMENTS;NULL;NULL; - 
589798;Societe_000466;0000466D;AUCUN;NON DEFINI;NULL;NULL; - 
589815;Societe_000467;0000467B;CONSTRUCTION;TERRASSEMENTS DIVERS, DêMOLITION;NULL;NULL; - 
590954;Societe_000468;0000468Z;COMMERCE ET RêPARATION AUTOMOBILE;COMMERCE DE VêHICULES AUTOMOBILES;NULL;NULL; - 
591063;Societe_000469;0000469U;AUCUN;NON DEFINI;NULL;NULL; - 
591509;Societe_000470;0000470V;ACTIVITêS INFORMATIQUES;RêALISATION DE LOGICIELS;NULL;NULL; - 
590552;Societe_000471;0000471G;AGENCES ET BUREAUX;AGENCES ET BUREAUX;NULL;NULL; - 
592081;Societe_000472;0000472Y;AUCUN;NON DEFINI;NULL;NULL; - 
592368;Societe_000473;0000473K;TRANSPORTS TERRESTRES;TRANSPORTS ROUTIERS DE MARCHANDISES DE PROXIMITê;NULL;NULL; - 
592844;Societe_000474;0000474W;ACTIVITêS IMMOBILI‘RES;PROMOTION IMMOBILI‘RE DE LOGEMENTS;NULL;NULL; - 
593278;Societe_000475;0000475O;AUCUN;NON DEFINI;NULL;NULL; - 
595650;Societe_000476;0000476Z;ACTIVITêS IMMOBILI‘RES;AGENCES IMMOBILI‘RES;NULL;NULL; - 
593026;Societe_000477;0000477D;MêTALLURGIE;FABRICATION DE TUBES EN ACIER;NULL;NULL; - 
593029;Societe_000478;0000478I;H‚TELS ET RESTAURANTS;HOTEL;NULL;NULL; - 
785626;Societe_000479;0000479W;SERVICES FOURNIS PRINCIPALEMENT AUX ENTREPRISES;CONDITIONNEMENT ∑ FAÄON;NULL;NULL; - 
948978;Societe_000480;0000480D;CONSTRUCTION;CONSTRUCTION DE B∂TIMENTS DIVERS;NULL;NULL; - 
1075591;Societe_000481;0000481G;SANTê ET ACTION SOCIALE;PRATIQUE MêDICALE;NULL;NULL; - 
593001;Societe_000482;0000482I;AGENCES ET BUREAUX;AGENCES ET BUREAUX;Cite Ennasr 2;ARIANA;Cite Ennasr 2 - ARIANA
581332;Societe_000483;0000483C;AUTRES INDUSTRIES EXTRACTIVES;EXTRACTION DE PIERRES POUR LA CONSTRUCTION;Cite El Ghazala 1;ARIANA;Cite El Ghazala 1 - ARIANA
585150;Societe_000484;0000484P;EXTRACTION DE MINERAIS MêTALLIQUES;EXTRACTION DE MINERAIS DE FER;Mnihla;ARIANA;Mnihla - ARIANA
580889;Societe_000485;0000485S;AGRICULTURE, CHASSE, SERVICES ANNEXES;"CULTURE DE CêRêALES ; CULTURES INDUSTRIELLES";Ariana;ARIANA;Ariana - ARIANA
580485;Societe_000486;0000486U;INDUSTRIES ALIMENTAIRES;P∂TISSERIE;Ariana;ARIANA;Ariana - ARIANA
572137;Societe_000487;0000487X;AUCUN;NON DEFINI;Cite El Ghazala 2;ARIANA;Cite El Ghazala 2 - ARIANA
569516;Societe_000488;0000488N;AUXILIAIRES FINANCIERS ET D ASSURANCE;ADMINISTRATION DE MARCHêS FINANCIERS;Ariana;ARIANA;Ariana - ARIANA
568006;Societe_000489;0000489P;AUCUN;NON DEFINI;Ariana;ARIANA;Ariana - ARIANA
557149;Societe_000490;0000490Y;AUCUN;NULL;Haffouz;ARIANA;Haffouz - ARIANA
551114;Societe_000491;0000491M;COMMERCE DE GROS ET INTERMêDIAIRES DU COMMERCE;COMMERCE DE GROS DE MACHINES OUTILS;Ariana;ARIANA;Ariana - ARIANA
533071;Societe_000492;0000492O;SANTê ET ACTION SOCIALE;AUTRES FORMES D ACTION SOCIALE;Charguia 2;ARIANA;Charguia 2 - ARIANA
500482;Societe_000493;0000493O;COMMERCE ET RêPARATION AUTOMOBILE;COMMERCE DE GROS D êQUIPEMENTS AUTOMOBILES;Ariana;ARIANA;Ariana - ARIANA
487908;Societe_000494;0000494H;H‚TELS ET RESTAURANTS;RESTAURATION DE TYPE RAPIDE;Ariana;ARIANA;Ariana - ARIANA
493603;Societe_000495;0000495Z;TRANSPORTS TERRESTRES;TRANSPORTS ROUTIERS DE MARCHANDISES INTERURBAINS;Ariana;ARIANA;Ariana - ARIANA
498197;Societe_000496;0000496S;SERVICES FOURNIS PRINCIPALEMENT AUX ENTREPRISES;ACTIVITêS DE NETTOYAGE;Ariana;ARIANA;Ariana - ARIANA
480799;Societe_000497;0000497I;COMMERCE DE GROS ET INTERMêDIAIRES DU COMMERCE;COMMERCE DE GROS ALIMENTAIRE NON SPêCIALISê;Ariana;ARIANA;Ariana - ARIANA
443445;Societe_000498;0000498U;COMMERCE ET RêPARATION AUTOMOBILE;ENTRETIEN ET RêPARATION DE VêHICULES AUTOMOBILES;Ariana;ARIANA;Ariana - ARIANA
433633;Societe_000499;0000499B;CONSTRUCTION;TERRASSEMENTS DIVERS, DêMOLITION;Ariana;ARIANA;Ariana - ARIANA
417864;Societe_000500;0000500D;INTERMêDIATION FINANCI‘RE;INTERMêDIATIONS FINANCI‘RES DIVERSES;Ariana;ARIANA;Ariana - ARIANA
396349;Societe_000501;0000501E;H‚TELS ET RESTAURANTS;RESTAURATION DE TYPE RAPIDE;Ariana;ARIANA;Ariana - ARIANA
375944;Societe_000502;0000502K;AGRICULTURE, CHASSE, SERVICES ANNEXES;"CULTURE DE LêGUMES ; MARA◊CHAGE";Ariana;ARIANA;Ariana - ARIANA
373784;Societe_000503;0000503A;STATION  DE SERVICE;STATION DE SERVICE SANS LAVAGE ET GRAISSAGE;Ariana;ARIANA;Ariana - ARIANA
16481;Societe_000504;0000504D;AUCUN;NON DEFINI;El Menzah 6;ARIANA;El Menzah 6 - ARIANA
398466;Societe_000505;0000505B;COMMERCE DE GROS ET INTERMêDIAIRES DU COMMERCE;INTERMêDIAIRE DU COMMERCE EN MEUBLES, ARTICLES DE MêNAGE ET QUINCAILLERIE;Beja;BEJA;Beja - BEJA
433978;Societe_000506;0000506M;TRANSPORTS TERRESTRES;TRANSPORTS ROUTIERS DE MARCHANDISES INTERURBAINS;Sidi Saadoun;BEJA;Sidi Saadoun - BEJA
434148;Societe_000507;0000507A;INDUSTRIES ALIMENTAIRES;AUTRES ACTIVITêS DE TRAVAIL DES GRAINS;Cite Taieb Mhiri;BEJA;Cite Taieb Mhiri - BEJA
485439;Societe_000508;0000508C;ACTIVITES IARD TARIFIABLES;RESTAURANT, SELF SERVICE ET CANTINE;Beja;BEJA;Beja - BEJA
563554;Societe_000509;0000509M;AGRICULTURE, CHASSE, SERVICES ANNEXES;"CULTURE DE CêRêALES ; CULTURES INDUSTRIELLES";Goubellat;BEJA;Goubellat - BEJA
579362;Societe_000510;0000510I;êDUCATION;ETABLISSEMENT D ENSEIGNEMENT AVEC MATERIEL INFORMATIQUE;Beja;BEJA;Beja - BEJA
570197;Societe_000511;0000511Y;ACTIVITêS IMMOBILI‘RES;PROMOTION IMMOBILI‘RE DE LOGEMENTS;Ben Arous;BEN AROUS;Ben Arous - BEN AROUS
571464;Societe_000512;0000512G;CONSTRUCTION;AUTRES TRAVAUX SPêCIALISêS DE CONSTRUCTION;Bou Mhel;BEN AROUS;Bou Mhel - BEN AROUS
571432;Societe_000513;0000513O;AGRICULTURE, CHASSE, SERVICES ANNEXES;CULTURE ET êLEVAGE ASSOCIêS;Bou Mhel;BEN AROUS;Bou Mhel - BEN AROUS
570951;Societe_000514;0000514D;INDUSTRIES ALIMENTAIRES;INDUSTRIES ALIMENTAIRES N.C.A.;Bou Mhel;BEN AROUS;Bou Mhel - BEN AROUS
569771;Societe_000515;0000515C;POSTES ET TêLêCOMMUNICATIONS;AUTRES ACTIVITêS DE TêLêCOMMUNICATIONS;Ben Arous;BEN AROUS;Ben Arous - BEN AROUS
559166;Societe_000516;0000516E;TRANSPORTS TERRESTRES;TRANSPORTS ROUTIERS DE MARCHANDISES INTERURBAINS;Zone Industrielle 2;BEN AROUS;Zone Industrielle 2 - BEN AROUS
500078;Societe_000517;0000517B;SERVICES AUXILIAIRES DES TRANSPORTS;SERVICES PORTUAIRES, MARITIMES ET FLUVIAUX;Rades;BEN AROUS;Rades - BEN AROUS
530663;Societe_000518;0000518D;POSTES ET TêLêCOMMUNICATIONS;AUTRES ACTIVITêS DE TêLêCOMMUNICATIONS;Ben Arous Sud;BEN AROUS;Ben Arous Sud - BEN AROUS
551092;Societe_000519;0000519V;ACTIVITêS RêCRêATIVES, CULTURELLES ET SPORTIVES;AUTRES ACTIVITêS SPORTIVES;Ezzahra;BEN AROUS;Ezzahra - BEN AROUS
548977;Societe_000520;0000520E;ACTIVITES IARD TARIFIABLES;ALIMENTATION GENERALE (COMMERCE);Mornag;BEN AROUS;Mornag - BEN AROUS
549783;Societe_000521;0000521B;COMMERCE ET RêPARATION AUTOMOBILE;COMMERCE DE VêHICULES AUTOMOBILES;Zone Industrielle Saint Gobin;BEN AROUS;Zone Industrielle Saint Gobin - BEN AROUS
426583;Societe_000522;0000522J;FABRICATION DE MACHINES ET APPAREILS êLECTRIQUES;FABRICATION DE FILS ET C∂BLES ISOLêS;Meghira Centre;BEN AROUS;Meghira Centre - BEN AROUS
414707;Societe_000523;0000523C;SERVICES AUXILIAIRES DES TRANSPORTS;SERVICES PORTUAIRES, MARITIMES ET FLUVIAUX;Zone Industrielle Saint Gobin;BEN AROUS;Zone Industrielle Saint Gobin - BEN AROUS
415920;Societe_000524;0000524C;INDUSTRIES ALIMENTAIRES;BISCOTTERIE, BISCUITERIE, P∂TISSERIE DE CONSERVATION;El Ksibi;BEN AROUS;El Ksibi - BEN AROUS
374783;Societe_000525;0000525P;SERVICES AUXILIAIRES DES TRANSPORTS;AGENCES DE VOYAGE;Megrine;BEN AROUS;Megrine - BEN AROUS
377597;Societe_000526;0000526O;TRANSPORTS TERRESTRES;TRANSPORTS ROUTIERS DE MARCHANDISES DE PROXIMITê;Ben Arous;BEN AROUS;Ben Arous - BEN AROUS
322438;Societe_000527;0000527I;INDUSTRIE TEXTILE;FILATURE DE L INDUSTRIE COTONNI‘RE;Sidi Rezig;BEN AROUS;Sidi Rezig - BEN AROUS
311986;Societe_000528;0000528E;êDUCATION;AUTRES ENSEIGNEMENTS;BEN AROUS;BEN AROUS;BEN AROUS - BEN AROUS
27684;Societe_000529;0000529N;FABRICATION DE MACHINES ET APPAREILS êLECTRIQUES;FABRICATION D ACCUMULATEURS ET DE PILES êLECTRIQUES;Megrine;BEN AROUS;Megrine - BEN AROUS
47737;Societe_000530;0000530N;AUCUN;NON DEFINI;Megrine Chaker;BEN AROUS;Megrine Chaker - BEN AROUS
101372;Societe_000531;0000531G;COMMERCE DE GROS ET INTERMêDIAIRES DU COMMERCE;AUTRES INTERMêDIAIRES SPêCIALISêS DU COMMERCE;Fouchana;BEN AROUS;Fouchana - BEN AROUS
98847;Societe_000532;0000532T;AUCUN;NON DEFINI;Chouchet Rades;BEN AROUS;Chouchet Rades - BEN AROUS
89836;Societe_000533;0000533M;ACTIVITêS INFORMATIQUES;AUTRES ACTIVITêS RATTACHêES ∑ L INFORMATIQUE;Ben Arous;BEN AROUS;Ben Arous - BEN AROUS
77844;Societe_000534;0000534W;SANTê ET ACTION SOCIALE;ACTIVITêS DES AUXILIAIRES MêDICAUX;Rades;BEN AROUS;Rades - BEN AROUS
69634;Societe_000535;0000535A;AUCUN;NON DEFINI;Ben Arous;BEN AROUS;Ben Arous - BEN AROUS
68257;Societe_000536;0000536Z;SERVICES AUXILIAIRES DES TRANSPORTS;MANUTENTION PORTUAIRE;Rades;BEN AROUS;Rades - BEN AROUS
65516;Societe_000537;0000537H;ASSURANCE;ASSURANCE DOMMAGES;Ben Arous;BEN AROUS;Ben Arous - BEN AROUS
586633;Societe_000538;0000538C;MêTALLURGIE;PREMI‘RE TRANSFORMATION DE L ALUMINIUM;Ezzahra;BEN AROUS;Ezzahra - BEN AROUS
592085;Societe_000539;0000539F;SERVICES PERSONNELS;AUTRES SERVICES PERSONNELS;Hammam Lif;BEN AROUS;Hammam Lif - BEN AROUS
612590;Societe_000540;0000540H;AUCUN;NON DEFINI;Ben Arous;BEN AROUS;Ben Arous - BEN AROUS
580961;Societe_000541;0000541C;AUCUN;NON DEFINI;Bizerte;BIZERTE;Bizerte - BIZERTE
588694;Societe_000542;0000542B;CONSTRUCTION;TERRASSEMENTS DIVERS, DêMOLITION;Menzel Bourguiba;BIZERTE;Menzel Bourguiba - BIZERTE
68294;Societe_000543;0000543W;CONSTRUCTION;PEINTURE;Cite Ain Mariem;BIZERTE;Cite Ain Mariem - BIZERTE
71775;Societe_000544;0000544C;ACTIVITES IARD TARIFIABLES;OPTIQUE ACOUSTIQUE AVEC VENTE APPAREIL PHOTO (INSTRUMENT DE);Bizerte;BIZERTE;Bizerte - BIZERTE
90158;Societe_000545;0000545Q;H‚TELS ET RESTAURANTS;H‚TELS AVEC RESTAURANT;Bizerte;BIZERTE;Bizerte - BIZERTE
77718;Societe_000546;0000546G;ACTIVITES IARD TARIFIABLES;BOUCHERIES, VOLAILLES ET POISSONS (MAGASIN DE VENTE AVEC CHAMBRE FRIGORIFIQUE D UNE CAPACITE TOTALE < 120 M3);Ras Jebel;BIZERTE;Ras Jebel - BIZERTE
294725;Societe_000547;0000547A;P“CHE, AQUACULTURE;PISCICULTURE, AQUACULTURE;Ghar El Melh;BIZERTE;Ghar El Melh - BIZERTE
346150;Societe_000548;0000548B;CONSTRUCTION;CONSTRUCTION DE B∂TIMENTS DIVERS;Bizerte;BIZERTE;Bizerte - BIZERTE
388329;Societe_000549;0000549H;AUCUN;NON DEFINI;Bizerte;BIZERTE;Bizerte - BIZERTE
555485;Societe_000550;0000550R;TRANSPORTS TERRESTRES;TRANSPORTS FERROVIAIRES;Zouaouine;BIZERTE;Zouaouine - BIZERTE
545969;Societe_000551;0000551G;CONSTRUCTION;CONSTRUCTION DE B∂TIMENTS DIVERS;Bizerte;BIZERTE;Bizerte - BIZERTE
517192;Societe_000552;0000552I;COMMERCE DE GROS ET INTERMêDIAIRES DU COMMERCE;INTERMêDIAIRES NON SPêCIALISêS DU COMMERCE;Ras Jebel;BIZERTE;Ras Jebel - BIZERTE
448303;Societe_000553;0000553N;TRAVAIL DES MêTAUX;FABRICATION DE CONSTRUCTIONS MêTALLIQUES;Menzel Bourguiba;BIZERTE;Menzel Bourguiba - BIZERTE
447597;Societe_000554;0000554O;CONSTRUCTION;TRAVAUX MARITIMES ET FLUVIAUX;Bizerte;BIZERTE;Bizerte - BIZERTE
557760;Societe_000555;0000555U;SERVICES FOURNIS PRINCIPALEMENT AUX ENTREPRISES;TRAVAIL TEMPORAIRE;Sejnane;BIZERTE;Sejnane - BIZERTE
558566;Societe_000556;0000556P;INDUSTRIE CHIMIQUE;FABRICATION DE PRODUITS CHIMIQUES ∑ USAGE INDUSTRIEL;Bizerte;BIZERTE;Bizerte - BIZERTE
557559;Societe_000557;0000557N;ACTIVITES IARD TARIFIABLES;ALIMENTATION GENERALE (COMMERCE);Bizerte;BIZERTE;Bizerte - BIZERTE
564584;Societe_000558;0000558S;AGENCES ET BUREAUX;AGENCES ET BUREAUX;Cite El Korniche 1;BIZERTE;Cite El Korniche 1 - BIZERTE
560620;Societe_000559;0000559E;ACTIVITêS ASSOCIATIVES;ORGANISATIONS ASSOCIATIVES N.C.A.;Gabes;GABES;Gabes - GABES
508931;Societe_000560;0000560W;AGRICULTURE, CHASSE, SERVICES ANNEXES;"CULTURE DE CêRêALES ; CULTURES INDUSTRIELLES";Gabes El Menara;GABES;Gabes El Menara - GABES
503555;Societe_000561;0000561U;COMMERCE DE GROS ET INTERMêDIAIRES DU COMMERCE;COMMERCE DE GROS D AUTRES PRODUITS INTERMêDIAIRES;Gabes;GABES;Gabes - GABES
503556;Societe_000562;0000562W;TRAVAIL DES MêTAUX;FABRICATION DE CONSTRUCTIONS MêTALLIQUES;Chenini Gabes;GABES;Chenini Gabes - GABES
546320;Societe_000563;0000563I;ACTIVITES IARD TARIFIABLES;VOLAILLES, ARTICLES DE FERMES;Zarat;GABES;Zarat - GABES
554202;Societe_000564;0000564Z;ACTIVITES IARD TARIFIABLES;BATIMENTS : ENTREPRENEURS DE MACONNERIE ET DE CONSTRUCTION;El Hamma;GABES;El Hamma - GABES
579792;Societe_000565;0000565S;FABRICATION D AUTRES PRODUITS MINêRAUX NON MêTALLIQUES;FABRICATION DE PRODUITS CêRAMIQUES RêFRACTAIRES;Bou Chemma;GABES;Bou Chemma - GABES
423487;Societe_000566;0000566T;CONSTRUCTION;CONSTRUCTION DE B∂TIMENTS DIVERS;Ghannouche;GABES;Ghannouche - GABES
435180;Societe_000567;0000567A;AUCUN;NON DEFINI;Bou Salem;JENDOUBA;Bou Salem - JENDOUBA
373313;Societe_000568;0000568E;H‚TELS ET RESTAURANTS;hotel;Ain Draham;JENDOUBA;Ain Draham - JENDOUBA
588885;Societe_000569;0000569J;AUTRES INDUSTRIES EXTRACTIVES;EXTRACTION DE PIERRES POUR LA CONSTRUCTION;Jendouba;JENDOUBA;Jendouba - JENDOUBA
580543;Societe_000570;0000570G;SANTê ET ACTION SOCIALE;ACTIVITêS DES AUXILIAIRES MêDICAUX;Kairouan;KAIROUAN;Kairouan - KAIROUAN
539184;Societe_000571;0000571D;ACTIVITêS RêCRêATIVES, CULTURELLES ET SPORTIVES;AUTRES ACTIVITêS SPORTIVES;Kairouan;KAIROUAN;Kairouan - KAIROUAN
334675;Societe_000572;0000572E;AUTRES INDUSTRIES EXTRACTIVES;EXTRACTION DE PIERRES POUR LA CONSTRUCTION;La Gare;KEF;La Gare - KEF
419221;Societe_000573;0000573U;COMMERCE ET RêPARATION AUTOMOBILE;COMMERCE DE DêTAIL D êQUIPEMENTS AUTOMOBILES;Le Kef;KEF;Le Kef - KEF
382836;Societe_000574;0000574S;SERVICES FOURNIS PRINCIPALEMENT AUX ENTREPRISES;êTUDES DE MARCHê ET SONDAGES;Le Kef;KEF;Le Kef - KEF
56515;Societe_000575;0000575C;ACTIVITES IARD TARIFIABLES;BATIMENTS : ENTREPRENEURS DE MACONNERIE ET DE CONSTRUCTION;Le Kef;KEF;Le Kef - KEF
582585;Societe_000576;0000576W;AUTRES INDUSTRIES EXTRACTIVES;EXTRACTION DE PIERRES POUR LA CONSTRUCTION;Le Kef;KEF;Le Kef - KEF
431826;Societe_000577;0000577M;TRANSPORTS TERRESTRES;TRANSPORTS ROUTIERS DE MARCHANDISES INTERURBAINS;Kebili;KEBILI;Kebili - KEBILI
446182;Societe_000578;0000578C;INDUSTRIES ALIMENTAIRES;BISCOTTERIE, BISCUITERIE, P∂TISSERIE DE CONSERVATION;La Mannouba;MANNOUBA;La Mannouba - MANNOUBA
93893;Societe_000579;0000579Y;INDUSTRIES ALIMENTAIRES;INDUSTRIE AGRO ALIMENTAIRE;Chaouat;MANNOUBA;Chaouat - MANNOUBA
580279;Societe_000580;0000580C;CONSTRUCTION;TERRASSEMENTS DIVERS, DêMOLITION;MAHDIA;MAHDIA;MAHDIA - MAHDIA
580603;Societe_000581;0000581C;ADMINISTRATION PUBLIQUE;ADMINISTRATION PUBLIQUE GêNêRALE;Bou Ghrara;MEDENINE;Bou Ghrara - MEDENINE
505957;Societe_000582;0000582Q;              ;clinique;Ben Guerdane;MEDENINE;Ben Guerdane - MEDENINE
558223;Societe_000583;0000583M;TRANSPORTS TERRESTRES;TRANSPORTS FERROVIAIRES;Medenine;MEDENINE;Medenine - MEDENINE
62822;Societe_000584;0000584C;LOCATION SANS OPêRATEUR;LOCATION D AUTRES MATêRIELS DE TRANSPORT TERRESTRE;Medenine El Jedida;MEDENINE;Medenine El Jedida - MEDENINE
587151;Societe_000585;0000585X;COMMERCE ET RêPARATION AUTOMOBILE;COMMERCE DE VêHICULES AUTOMOBILES;JERBA;MEDENINE;JERBA - MEDENINE
589436;Societe_000586;0000586V;ACTIVITêS ASSOCIATIVES;ORGANISATIONS PATRONALES ET CONSULAIRES;Ben Guerdane;MEDENINE;Ben Guerdane - MEDENINE
97095;Societe_000587;0000587Q;CONSTRUCTION;TRAVAUX DE MAÄONNERIE GêNêRALE;Monastir;MONASTIR;Monastir - MONASTIR
14929;Societe_000588;0000588D;COMMERCE DE GROS ET INTERMêDIAIRES DU COMMERCE;AUTRES COMMERCES DE GROS;Monastir;MONASTIR;Monastir - MONASTIR
17104;Societe_000589;0000589L;CONSTRUCTION;AUTRES TRAVAUX D INSTALLATION;Bembla;MONASTIR;Bembla - MONASTIR
447569;Societe_000590;0000590E;ACTIVITES IARD TARIFIABLES;ALIMENTATION GENERALE (COMMERCE);Jemmal;MONASTIR;Jemmal - MONASTIR
395669;Societe_000591;0000591R;COMMERCE DE GROS ET INTERMêDIAIRES DU COMMERCE;COMMERCE DE GROS DE PRODUITS PHARMACEUTIQUES;Ksar Helal;MONASTIR;Ksar Helal - MONASTIR
399745;Societe_000592;0000592F;INDUSTRIE TEXTILE;FABRICATION D AUTRES ARTICLES CONFECTIONNêS EN TEXTILE;Monastir;MONASTIR;Monastir - MONASTIR
139729;Societe_000593;0000593K;AUCUN;NON DEFINI;Monastir;MONASTIR;Monastir - MONASTIR
558707;Societe_000594;0000594W;COMMERCE DE GROS ET INTERMêDIAIRES DU COMMERCE;AUTRES COMMERCES DE GROS;Monastir;MONASTIR;Monastir - MONASTIR
578925;Societe_000595;0000595W;AUCUN;NON DEFINI;Monastir;MONASTIR;Monastir - MONASTIR
575018;Societe_000596;0000596S;AUCUN;NON DEFINI;Sayada;MONASTIR;Sayada - MONASTIR
578939;Societe_000597;0000597D;H‚TELS ET RESTAURANTS;H‚TELS AVEC RESTAURANT;Barraket Essahel;NABEUL;Barraket Essahel - NABEUL
572429;Societe_000598;0000598F;ACTIVITêS INFORMATIQUES;AUTRES ACTIVITêS RATTACHêES ∑ L INFORMATIQUE;Hammamet;NABEUL;Hammamet - NABEUL
569005;Societe_000599;0000599C;ACTIVITêS RêCRêATIVES, CULTURELLES ET SPORTIVES;MAN‘GES FORAINS ET PARCS D ATTRACTIONS;Nabeul;NABEUL;Nabeul - NABEUL
560460;Societe_000600;0000600U;AUCUN;NON DEFINI;Hammamet;NABEUL;Hammamet - NABEUL
559314;Societe_000601;0000601G;TRANSPORTS TERRESTRES;TRANSPORTS FERROVIAIRES;Takelsa;NABEUL;Takelsa - NABEUL
515195;Societe_000602;0000602X;H‚TELS ET RESTAURANTS;HOTEL;Hammamet;NABEUL;Hammamet - NABEUL
517869;Societe_000603;0000603Q;CONSTRUCTION;PEINTURE;Nabeul;NABEUL;Nabeul - NABEUL
495864;Societe_000604;0000604T;INDUSTRIE DU CUIR ET DE LA CHAUSSURE;FABRICATION DE CHAUSSURES;Nabeul;NABEUL;Nabeul - NABEUL
540635;Societe_000605;0000605T;ACTIVITES IARD TARIFIABLES;ALIMENTATION GENERALE LEGUMES ET FRUITS ;Korba;NABEUL;Korba - NABEUL
366202;Societe_000606;0000606H;STATION  DE SERVICE;STATION DE SERVICE SANS LAVAGE ET GRAISSAGE;Korba;NABEUL;Korba - NABEUL
443236;Societe_000607;0000607A;SERVICES PERSONNELS;AUTRES SERVICES PERSONNELS;Nabeul;NABEUL;Nabeul - NABEUL
442995;Societe_000608;0000608H;AUCUN;NON DEFINI;Beni Khalled;NABEUL;Beni Khalled - NABEUL
18424;Societe_000609;0000609X;TRANSPORTS TERRESTRES;TRANSPORTS ROUTIERS DE MARCHANDISES DE PROXIMITê;Bou Argoub;NABEUL;Bou Argoub - NABEUL
88874;Societe_000610;0000610T;FABRICATION D AUTRES PRODUITS MINêRAUX NON MêTALLIQUES;FABRICATION DE BRIQUES;Nabeul;NABEUL;Nabeul - NABEUL
589480;Societe_000611;0000611F;ACTIVITêS RêCRêATIVES, CULTURELLES ET SPORTIVES;PRODUCTION DE FILMS POUR LA TêLêVISION;Nabeul;NABEUL;Nabeul - NABEUL
583836;Societe_000612;0000612F;COMMERCE ET RêPARATION AUTOMOBILE;COMMERCE DE DêTAIL D êQUIPEMENTS AUTOMOBILES;Nabeul;NABEUL;Nabeul - NABEUL
581526;Societe_000613;0000613A;TRANSPORTS TERRESTRES;TRANSPORTS FERROVIAIRES;Menzel Hedi Chaker;SFAX;Menzel Hedi Chaker - SFAX
580735;Societe_000614;0000614B;AUCUN;NON DEFINI;Sfax;SFAX;Sfax - SFAX
590129;Societe_000615;0000615R;AGRICULTURE, CHASSE, SERVICES ANNEXES;CHAMBRES FRIGORIFIQUES;SFAX;SFAX;SFAX - SFAX
62531;Societe_000616;0000616H;H‚TELS ET RESTAURANTS;RESTAURATION DE TYPE RAPIDE;Sfax;SFAX;Sfax - SFAX
32301;Societe_000617;0000617R;AGRICULTURE, CHASSE, SERVICES ANNEXES;"HORTICULTURE ; PêPINI‘RES";Esskhira;SFAX;Esskhira - SFAX
439053;Societe_000618;0000618D;AUCUN;NON DEFINI;Essaltania;SFAX;Essaltania - SFAX
446706;Societe_000619;0000619A;ACTIVITES IARD TARIFIABLES;MATERIEL INFORMATIQUE (VENTE);Sfax;SFAX;Sfax - SFAX
409454;Societe_000620;0000620E;AUCUN;NON DEFINI;Sfax Hached;SFAX;Sfax Hached - SFAX
401570;Societe_000621;0000621P;AUCUN;NON DEFINI;El Ain;SFAX;El Ain - SFAX
406220;Societe_000622;0000622P;INDUSTRIE DU CAOUTCHOUC ET DES PLASTIQUES;FABRICATION D ARTICLES DIVERS EN MATI‘RES PLASTIQUES;Sfax;SFAX;Sfax - SFAX
362989;Societe_000623;0000623A;AUCUN;NON DEFINI;Sfax;SFAX;Sfax - SFAX
330286;Societe_000624;0000624S;AUCUN;NON DEFINI;Sfax;SFAX;Sfax - SFAX
315292;Societe_000625;0000625Z;TRANSPORTS TERRESTRES;TRANSPORTS ROUTIERS DE MARCHANDISES DE PROXIMITê;Sfax;SFAX;Sfax - SFAX
290270;Societe_000626;0000626Q;SANTê ET ACTION SOCIALE;ACTIVITêS HOSPITALI‘RES;Sfax;SFAX;Sfax - SFAX
137145;Societe_000627;0000627E;AUCUN;NON DEFINI;Sfax;SFAX;Sfax - SFAX
111777;Societe_000628;0000628E;AUCUN;NON DEFINI;Sfax;SFAX;Sfax - SFAX
103797;Societe_000629;0000629O;CONSTRUCTION;CONSTRUCTION DE B∂TIMENTS DIVERS;Sfax;SFAX;Sfax - SFAX
545947;Societe_000630;0000630K;COMMERCE DE GROS ET INTERMêDIAIRES DU COMMERCE;COMMERCE DE GROS ALIMENTAIRE NON SPêCIALISê;Sfax;SFAX;Sfax - SFAX
537113;Societe_000631;0000631H;COMMERCE DE GROS ET INTERMêDIAIRES DU COMMERCE;COMMERCE DE GROS ALIMENTAIRE NON SPêCIALISê;Cite Badrani;SFAX;Cite Badrani - SFAX
554588;Societe_000632;0000632I;FABRICATION D êQUIPEMENTS DE RADIO, TêLêVISION ET COMMUNICATION;FABRICATION DE COMPOSANTS PASSIFS ET DE CONDENSATEURS;Sfax;SFAX;Sfax - SFAX
553316;Societe_000633;0000633R;FABRICATION D AUTRES PRODUITS MINêRAUX NON MêTALLIQUES;FABRICATION DE PRODUITS MINêRAUX NON MêTALLIQUES N.C.A.;Sfax;SFAX;Sfax - SFAX
553778;Societe_000634;0000634C;AUCUN;NON DEFINI;Sfax;SFAX;Sfax - SFAX
560407;Societe_000635;0000635T;FABRICATION DE MACHINES ET APPAREILS êLECTRIQUES;FABRICATION MATêRIEL DISTRIBUTION OU COMMANDE êLECTRIQUE BASSE TENSION;Sfax;SFAX;Sfax - SFAX
560467;Societe_000636;0000636O;AUCUN;NON DEFINI;Agareb;SFAX;Agareb - SFAX
561692;Societe_000637;0000637M;AUCUN;NON DEFINI;Sfax;SFAX;Sfax - SFAX
568186;Societe_000638;0000638H;AUCUN;NON DEFINI;Sfax;SFAX;Sfax - SFAX
575887;Societe_000639;0000639V;AUCUN;NON DEFINI;Sfax;SFAX;Sfax - SFAX
579463;Societe_000640;0000640E;TRANSPORTS TERRESTRES;TRANSPORTS FERROVIAIRES;Sfax;SFAX;Sfax - SFAX
575024;Societe_000641;0000641L;COMMERCE DE GROS ET INTERMêDIAIRES DU COMMERCE;AUTRES COMMERCES DE GROS;Sfax;SFAX;Sfax - SFAX
579884;Societe_000642;0000642Z;AGRICULTURE, CHASSE, SERVICES ANNEXES;"CULTURE DE CêRêALES ; CULTURES INDUSTRIELLES";Siliana;SILIANA;Siliana - SILIANA
21330;Societe_000643;0000643W;INDUSTRIE AUTOMOBILE;CONSTRUCTION DE VêHICULES AUTOMOBILES;Le Krib;SILIANA;Le Krib - SILIANA
48154;Societe_000644;0000644T;TRANSPORTS TERRESTRES;TRANSPORTS FERROVIAIRES;Sousse;SOUSSE;Sousse - SOUSSE
40678;Societe_000645;0000645O;AUTRES INDUSTRIES EXTRACTIVES;EXTRACTION DE CALCAIRE INDUSTRIEL, DE GYPSE ET DE CRAIE;Messadine;SOUSSE;Messadine - SOUSSE
74818;Societe_000646;0000646H;COMMERCE ET RêPARATION AUTOMOBILE;ENTRETIEN ET RêPARATION DE VêHICULES AUTOMOBILES;Ben Guerdane;SOUSSE;Ben Guerdane - SOUSSE
90993;Societe_000647;0000647G;H‚TELS ET RESTAURANTS;H‚TELS AVEC RESTAURANT;Sousse;SOUSSE;Sousse - SOUSSE
313007;Societe_000648;0000648B;êDUCATION;FORMATION DES ADULTES ET FORMATION CONTINUE;Sousse;SOUSSE;Sousse - SOUSSE
406724;Societe_000649;0000649I;LOCATION SANS OPêRATEUR;LOCATION DE VêHICULES AUTOMOBILES;Sousse Corniche;SOUSSE;Sousse Corniche - SOUSSE
379966;Societe_000650;0000650P;ACTIVITêS IMMOBILI‘RES;PROMOTION IMMOBILI‘RE DE LOGEMENTS;Hammam Sousse;SOUSSE;Hammam Sousse - SOUSSE
420196;Societe_000651;0000651B;ACTIVITêS RêCRêATIVES, CULTURELLES ET SPORTIVES;AUTRES ACTIVITêS SPORTIVES;Cite De La Plage 1;SOUSSE;Cite De La Plage 1 - SOUSSE
577383;Societe_000652;0000652S;COMMERCE DE GROS ET INTERMêDIAIRES DU COMMERCE;AUTRES INTERMêDIAIRES SPêCIALISêS DU COMMERCE;Ain Garci;SOUSSE;Ain Garci - SOUSSE
575743;Societe_000653;0000653L;COMMERCE DE GROS ET INTERMêDIAIRES DU COMMERCE;COMMERCE DE GROS DE PARFUMERIE ET PRODUITS DE BEAUTê;Sousse;SOUSSE;Sousse - SOUSSE
574981;Societe_000654;0000654S;ACTIVITES IARD TARIFIABLES;PHARMACIENS (VENTE EN DETAIL);Sousse;SOUSSE;Sousse - SOUSSE
567570;Societe_000655;0000655X;ACTIVITêS IMMOBILI‘RES;LOCATION DE LOGEMENTS;Sousse;SOUSSE;Sousse - SOUSSE
569794;Societe_000656;0000656R;COMMERCE ET RêPARATION AUTOMOBILE;COMMERCE DE VêHICULES AUTOMOBILES;Messadine;SOUSSE;Messadine - SOUSSE
559327;Societe_000657;0000657K;INDUSTRIE DU CAOUTCHOUC ET DES PLASTIQUES;FABRICATION DE PLAQUES, FEUILLES, TUBES ET PROFILêS EN PLAST;Msaken;SOUSSE;Msaken - SOUSSE
559310;Societe_000658;0000658N;êDUCATION;ENSEIGNEMENT PRIMAIRE;Sousse;SOUSSE;Sousse - SOUSSE
557810;Societe_000659;0000659D;SANTê ET ACTION SOCIALE;ACTIVITêS DES AUXILIAIRES MêDICAUX;Cite Sahloul;SOUSSE;Cite Sahloul - SOUSSE
526014;Societe_000660;0000660R;ACTIVITES IARD TARIFIABLES;ALIMENTATION GENERALE (COMMERCE);Sousse;SOUSSE;Sousse - SOUSSE
590905;Societe_000661;0000661L;CONSTRUCTION;TERRASSEMENTS DIVERS, DêMOLITION;Sousse;SOUSSE;Sousse - SOUSSE
592787;Societe_000662;0000662R;ACTIVITêS INFORMATIQUES;CONSEIL EN SYST‘MES INFORMATIQUES;Hammam Sousse;SOUSSE;Hammam Sousse - SOUSSE
593142;Societe_000663;0000663U;AGRICULTURE, CHASSE, SERVICES ANNEXES;"CULTURE DE CêRêALES ; CULTURES INDUSTRIELLES";Hammam Sousse;SOUSSE;Hammam Sousse - SOUSSE
590551;Societe_000664;0000664N;AGENCES ET BUREAUX;AGENCES ET BUREAUX;El Menzah 1;TUNIS;El Menzah 1 - TUNIS
591763;Societe_000665;0000665I;AUCUN;NON DEFINI;Berge Du Lac;TUNIS;Berge Du Lac - TUNIS
591774;Societe_000666;0000666F;AUCUN;NON DEFINI;Bab Bhar;TUNIS;Bab Bhar - TUNIS
591939;Societe_000667;0000667A;INTERMêDIATION FINANCI‘RE;INTERMêDIATIONS FINANCI‘RES DIVERSES;Cite Oplympique;TUNIS;Cite Oplympique - TUNIS
582618;Societe_000668;0000668G;COMMERCE DE GROS ET INTERMêDIAIRES DU COMMERCE;COMMERCE DE GROS DE PRODUITS PHARMACEUTIQUES;Le Bardo;TUNIS;Le Bardo - TUNIS
584461;Societe_000669;0000669Y;ACTIVITêS ASSOCIATIVES;ORGANISATIONS PATRONALES ET CONSULAIRES;Bab Bhar;TUNIS;Bab Bhar - TUNIS
584859;Societe_000670;0000670N;COMMERCE DE GROS ET INTERMêDIAIRES DU COMMERCE;AUTRES COMMERCES DE GROS;Cite El Izdihar;TUNIS;Cite El Izdihar - TUNIS
587117;Societe_000671;0000671N;ACTIVITêS IMMOBILI‘RES;PROMOTION IMMOBILI‘RE DE LOGEMENTS;Berge Du Lac;TUNIS;Berge Du Lac - TUNIS
587059;Societe_000672;0000672L;SERVICES FOURNIS PRINCIPALEMENT AUX ENTREPRISES;CONSEIL POUR LES AFFAIRES ET LA GESTION;Hedi Chaker;TUNIS;Hedi Chaker - TUNIS
527395;Societe_000673;0000673K;FABRICATION D INSTRUMENTS MêDICAUX, DE PRêCISION, D OPTIQUE ET D HORLOGERIE;FABRICATION DE MATêRIEL D IMAGERIE MêDICALE ET DE RADIOLOGIE; ;TUNIS;  - TUNIS
496786;Societe_000674;0000674M;COMMERCE DE GROS ET INTERMêDIAIRES DU COMMERCE;AGRICULTEURS;Berge Du Lac;TUNIS;Berge Du Lac - TUNIS
498213;Societe_000675;0000675V;              ;clinique;Berge Du Lac;TUNIS;Berge Du Lac - TUNIS
500075;Societe_000676;0000676M;              ;clinique;Bab El Khadra;TUNIS;Bab El Khadra - TUNIS
493386;Societe_000677;0000677S;ACTIVITES IARD TARIFIABLES;CLINIQUES (SANS PRESENCE DE RADIO - ISOTOPE);La Goulette;TUNIS;La Goulette - TUNIS
485788;Societe_000678;0000678H;H‚TELS ET RESTAURANTS;CAFêS TABACS;El Menzah 9;TUNIS;El Menzah 9 - TUNIS
550109;Societe_000679;0000679X;MêTALLURGIE;FONDERIE D ACIER;Marsa Erriadh;TUNIS;Marsa Erriadh - TUNIS
557052;Societe_000680;0000680U;POSTES ET TêLêCOMMUNICATIONS;NULL;Berge Du Lac;TUNIS;Berge Du Lac - TUNIS
557567;Societe_000681;0000681S;"FABRICATION DE MEUBLES; INDUSTRIES DIVERSES";FABRICATION D INSTRUMENTS DE MUSIQUE;Bab El Khadra;TUNIS;Bab El Khadra - TUNIS
557589;Societe_000682;0000682R;SANTê ET ACTION SOCIALE;ACTIVITêS DES AUXILIAIRES MêDICAUX;Cite El Khadra;TUNIS;Cite El Khadra - TUNIS
559112;Societe_000683;0000683O;ACTIVITêS INFORMATIQUES;CONSEIL EN SYST‘MES INFORMATIQUES;Berge Du Lac;TUNIS;Berge Du Lac - TUNIS
558316;Societe_000684;0000684S;ACTIVITêS IMMOBILI‘RES;PROMOTION IMMOBILI‘RE DE LOGEMENTS;Sidi Daoud;TUNIS;Sidi Daoud - TUNIS
560581;Societe_000685;0000685N;AUCUN;NON DEFINI;La Goulette;TUNIS;La Goulette - TUNIS
560598;Societe_000686;0000686L;ACTIVITêS IMMOBILI‘RES;PROMOTION IMMOBILI‘RE DE LOGEMENTS;Cite Oplympique;TUNIS;Cite Oplympique - TUNIS
561227;Societe_000687;0000687J;COMMERCE DE GROS ET INTERMêDIAIRES DU COMMERCE;COMMERCE DE GROS FOURNITURES ET êQUIPEMENTS DIVERS POUR COMMERCE ET SERVICES;Cite El Khadra;TUNIS;Cite El Khadra - TUNIS
559316;Societe_000688;0000688J;AUCUN;NON DEFINI;Berge Du Lac;TUNIS;Berge Du Lac - TUNIS
559199;Societe_000689;0000689A;ACTIVITêS INFORMATIQUES;AUTRES ACTIVITêS RATTACHêES ∑ L INFORMATIQUE;Montplaisir;TUNIS;Montplaisir - TUNIS
559681;Societe_000690;0000690P;AGRICULTURE, CHASSE, SERVICES ANNEXES;CULTURE ET êLEVAGE ASSOCIêS;El Charguia;TUNIS;El Charguia - TUNIS
559856;Societe_000691;0000691E;ACTIVITêS RêCRêATIVES, CULTURELLES ET SPORTIVES;AUTRES ACTIVITêS SPORTIVES;Bab Menara;TUNIS;Bab Menara - TUNIS
559883;Societe_000692;0000692L;êDUCATION;ENSEIGNEMENT PRIMAIRE;El Manar 2;TUNIS;El Manar 2 - TUNIS
570145;Societe_000693;0000693X;COMMERCE ET RêPARATION AUTOMOBILE;COMMERCE DE VêHICULES AUTOMOBILES;Cite El Wafa;TUNIS;Cite El Wafa - TUNIS
573149;Societe_000694;0000694V;COMMERCE DE GROS ET INTERMêDIAIRES DU COMMERCE;COMMERCE DE GROS D HABILLEMENT;Le Bardo;TUNIS;Le Bardo - TUNIS
568154;Societe_000695;0000695E;AUCUN;NON DEFINI;Republique;TUNIS;Republique - TUNIS
568835;Societe_000696;0000696E;SERVICES AUXILIAIRES DES TRANSPORTS;MANUTENTION PORTUAIRE;El Menzah 1;TUNIS;El Menzah 1 - TUNIS
574576;Societe_000697;0000697O;ACTIVITêS IMMOBILI‘RES;PROMOTION IMMOBILI‘RE DE LOGEMENTS;Bab Bhar;TUNIS;Bab Bhar - TUNIS
576683;Societe_000698;0000698I;COMMERCE DE GROS ET INTERMêDIAIRES DU COMMERCE;AUTRES INTERMêDIAIRES SPêCIALISêS DU COMMERCE;LES BERGES DU LAC;TUNIS;LES BERGES DU LAC - TUNIS
575686;Societe_000699;0000699F;ACTIVITêS ASSOCIATIVES;ORGANISATIONS PATRONALES ET CONSULAIRES;Kheireddine Pacha;TUNIS;Kheireddine Pacha - TUNIS
579505;Societe_000700;0000700A;êDUCATION;ENSEIGNEMENT PRIMAIRE;Bab Bhar;TUNIS;Bab Bhar - TUNIS
579368;Societe_000701;0000701R;H‚TELS ET RESTAURANTS;HOTEL;Tunis Belvedere;TUNIS;Tunis Belvedere - TUNIS
578963;Societe_000702;0000702P;SANTê ET ACTION SOCIALE;PRATIQUE MêDICALE;Le Bardo;TUNIS;Le Bardo - TUNIS
579245;Societe_000703;0000703B;ACTIVITêS INFORMATIQUES;RêALISATION DE LOGICIELS;Cite El Khadra;TUNIS;Cite El Khadra - TUNIS
579769;Societe_000704;0000704U;ACTIVITêS INFORMATIQUES;RêALISATION DE LOGICIELS;Berge Du Lac;TUNIS;Berge Du Lac - TUNIS
395689;Societe_000705;0000705F;AGENCES ET BUREAUX;AGENCES ET BUREAUX;Bab Bhar;TUNIS;Bab Bhar - TUNIS
399381;Societe_000706;0000706V;POSTES ET TêLêCOMMUNICATIONS;AUTRES ACTIVITêS DE TêLêCOMMUNICATIONS;Tunis Belvedere;TUNIS;Tunis Belvedere - TUNIS
439161;Societe_000707;0000707Q;ACTIVITES IARD TARIFIABLES;FRUITS, PRIMEURS, LEGUMES(MAGASIN DE VENTE);Bab Bhar;TUNIS;Bab Bhar - TUNIS
430881;Societe_000708;0000708X;H‚TELS ET RESTAURANTS;hotel;Montplaisir;TUNIS;Montplaisir - TUNIS
430305;Societe_000709;0000709X;ACTIVITêS INFORMATIQUES;ACTIVITêS DE BANQUES DE DONNêES;Cite El Khadra;TUNIS;Cite El Khadra - TUNIS
435434;Societe_000710;0000710T;ACTIVITES IARD TARIFIABLES;LAVERIE SELF SERVICE AVEC OU SANS SECHOIR;El Menzah 1;TUNIS;El Menzah 1 - TUNIS
435481;Societe_000711;0000711Q;              ;INSTITUT DE FORMATION;SIDI BOU SAID;TUNIS;SIDI BOU SAID - TUNIS
140152;Societe_000712;0000712Q;INDUSTRIE AUTOMOBILE;FABRICATION D êQUIPEMENTS AUTOMOBILES;Habib Thameur;TUNIS;Habib Thameur - TUNIS
113972;Societe_000713;0000713R;P“CHE, AQUACULTURE;PISCICULTURE, AQUACULTURE;Cite El Khadra;TUNIS;Cite El Khadra - TUNIS
287637;Societe_000714;0000714V;SERVICES AUXILIAIRES DES TRANSPORTS;AGENCES DE VOYAGE;Berge Du Lac;TUNIS;Berge Du Lac - TUNIS
324939;Societe_000715;0000715F;ASSURANCE;ASSURANCE VIE ET CAPITALISATION;Bab Bhar;TUNIS;Bab Bhar - TUNIS
331363;Societe_000716;0000716X;ASSURANCE;ASSURANCE DOMMAGES;Bab Bhar;TUNIS;Bab Bhar - TUNIS
344999;Societe_000717;0000717L;ACTIVITêS IMMOBILI‘RES;PROMOTION IMMOBILI‘RE DE LOGEMENTS;Cite El Khadra;TUNIS;Cite El Khadra - TUNIS
369355;Societe_000718;0000718Y;INDUSTRIE DU CUIR ET DE LA CHAUSSURE;APPR“T ET TANNAGE DES CUIRS;Cite El Khalil;TUNIS;Cite El Khalil - TUNIS
364973;Societe_000719;0000719X;TRAVAIL DES MêTAUX;FABRICATION DE PETITS ARTICLES MêTALLIQUES;Berge Du Lac;TUNIS;Berge Du Lac - TUNIS
377975;Societe_000720;0000720E;CONSTRUCTION;TRAVAUX D INSTALLATION êLECTRIQUE;Ezzahrouni;TUNIS;Ezzahrouni - TUNIS
379386;Societe_000721;0000721N;êDUCATION;AUTRES ENSEIGNEMENTS;Bab Bhar;TUNIS;Bab Bhar - TUNIS
379822;Societe_000722;0000722X;POSTES ET TêLêCOMMUNICATIONS;TêLêCOMMUNICATIONS NATIONALES;TUNIS;TUNIS;TUNIS - TUNIS
99901;Societe_000723;0000723R;FABRICATION D êQUIPEMENTS DE RADIO, TêLêVISION ET COMMUNICATION;FABRICATION DE COMPOSANTS PASSIFS ET DE CONDENSATEURS;El Menzah 4;TUNIS;El Menzah 4 - TUNIS
103100;Societe_000724;0000724H;AGRICULTURE, CHASSE, SERVICES ANNEXES;"CULTURE DE LêGUMES ; MARA◊CHAGE";Bab Bhar;TUNIS;Bab Bhar - TUNIS
75131;Societe_000725;0000725L;AUCUN;NON DEFINI;Cite Ezzouhour;TUNIS;Cite Ezzouhour - TUNIS
73780;Societe_000726;0000726A;INTERMêDIATION FINANCI‘RE;BANQUES;Cite Essaada;TUNIS;Cite Essaada - TUNIS
89735;Societe_000727;0000727Q;AGRICULTURE, CHASSE, SERVICES ANNEXES;SERVICES AUX CULTURES PRODUCTIVES;Berge Du Lac;TUNIS;Berge Du Lac - TUNIS
90377;Societe_000728;0000728I;ACTIVITES IARD TARIFIABLES;PHARMACIENS (VENTE EN DETAIL);Cite El Khadra;TUNIS;Cite El Khadra - TUNIS
63133;Societe_000729;0000729W;ACTIVITêS RêCRêATIVES, CULTURELLES ET SPORTIVES;AUTRES ACTIVITêS SPORTIVES;Cite Oplympique;TUNIS;Cite Oplympique - TUNIS
63175;Societe_000730;0000730G;ACTIVITêS RêCRêATIVES, CULTURELLES ET SPORTIVES;AUTRES ACTIVITêS SPORTIVES;Cite Oplympique;TUNIS;Cite Oplympique - TUNIS
66755;Societe_000731;0000731U;ACTIVITES IARD TARIFIABLES;IMPRIMERIE, TYPOGRAPHIES ET OFFSET;El Charguia;TUNIS;El Charguia - TUNIS
68390;Societe_000732;0000732J;ADMINISTRATION PUBLIQUE;ADMINISTRATION PUBLIQUE GêNêRALE;Montplaisir;TUNIS;Montplaisir - TUNIS
69397;Societe_000733;0000733N;ACTIVITES IARD TARIFIABLES;AGENCE ( DE VOYAGE,ASSURANCE,IMMOBILIERE);Bab Bhar;TUNIS;Bab Bhar - TUNIS
67720;Societe_000734;0000734L;SERVICES FOURNIS PRINCIPALEMENT AUX ENTREPRISES;AGENCES, CONSEIL EN PUBLICITê;Gammart;TUNIS;Gammart - TUNIS
73778;Societe_000735;0000735K;INTERMêDIATION FINANCI‘RE;BANQUES;Republique;TUNIS;Republique - TUNIS
40929;Societe_000736;0000736U;ACTIVITES IARD TARIFIABLES;MATERIEL INFORMATIQUE (VENTE);El Manar 2;TUNIS;El Manar 2 - TUNIS
47836;Societe_000737;0000737V;COMMERCE DE GROS ET INTERMêDIAIRES DU COMMERCE;COMMERCE DE GROS D AUTRES PRODUITS INTERMêDIAIRES;Ali Bach-Hamba;TUNIS;Ali Bach-Hamba - TUNIS
37061;Societe_000738;0000738O;ACTIVITES IARD TARIFIABLES;AGENCE ( DE VOYAGE,ASSURANCE,IMMOBILIERE);Bab Bhar;TUNIS;Bab Bhar - TUNIS
39619;Societe_000739;0000739N;INDUSTRIE CHIMIQUE;FABRICATION D AUTRES PRODUITS PHARMACEUTIQUES;Cite El Khadra;TUNIS;Cite El Khadra - TUNIS
55035;Societe_000740;0000740H;TRANSPORTS TERRESTRES;TRANSPORTS ROUTIERS DE MARCHANDISES DE PROXIMITê;Sidi Fathallah;TUNIS;Sidi Fathallah - TUNIS
28372;Societe_000741;0000741V;ASSURANCE;ASSURANCE DOMMAGES;Berge Du Lac;TUNIS;Berge Du Lac - TUNIS
47734;Societe_000742;0000742G;AUCUN;NON DEFINI;Cite Ezzouhour;TUNIS;Cite Ezzouhour - TUNIS
12112;Societe_000743;0000743B;INTERMêDIATION FINANCI‘RE;CRêDIT BAIL;Cite Oplympique;TUNIS;Cite Oplympique - TUNIS
11062;Societe_000744;0000744F;INTERMêDIATION FINANCI‘RE;BANQUES;Cite Ibn Khaldoun I;TUNIS;Cite Ibn Khaldoun I - TUNIS
14203;Societe_000745;0000745Y;ACTIVITêS IMMOBILI‘RES;AGENCES IMMOBILI‘RES;El Manar 2;TUNIS;El Manar 2 - TUNIS
91080;Societe_000746;0000746X;ACTIVITES IARD TARIFIABLES;TRAVAUX DE METAUX(PROFESSION AUTRE QUE CELLE DESIGNEES PAR AILLEURS - AJUSTAGE,ATELIER DE MECANIQUE ET ATELIER DE MONTAGE, CHARPENTE ET CONSTRUCTION METALLIQUE, CHAUDRONNERIE, DECOLLETAGE, DECOUPAGE, EMBOUTISSAGE, ESTAMPAGE, ETIRAGE, FERBLANTERIE, FERRONERIE, FONDERIE, FORGE, SERRURERIE, TOLERIE, TOURNAGE, TREFILERIE, VISSERIE );Bir Mcherga Gare;ZAGHOUAN;Bir Mcherga Gare - ZAGHOUAN
661920;Societe_000747;0000747K;INDUSTRIE DU CAOUTCHOUC ET DES PLASTIQUES;FABRICATION D êLêMENTS EN MATI‘RES PLASTIQUES POUR LA CONSTRUCTION;Hammam Zriba;ZAGHOUAN;Hammam Zriba - ZAGHOUAN
